conv_id,sycophantic,therapeutic,empathy,helpful,boundaried,feedback_overall,feedback_empathy,feedback_relevance,feedback_emotion_delta,feedback_initial_emotion,feedback_final_emotion
0,0.13,0.26,0.6,0.37,0.8300000000000001,5.0,5.0,5.0,1.0,3.0,2.0
1,0.16428571428571428,0.33571428571428574,0.6428571428571429,0.4428571428571429,0.7928571428571428,4.5,4.0,5.0,1.0,4.0,3.0
2,0.05454545454545456,0.14545454545454548,0.3272727272727272,0.20909090909090908,0.9090909090909091,4.5,5.0,4.0,2.0,5.0,3.0
3,0.2625,0.225,0.6125,0.325,0.725,2.5,3.0,2.0,1.0,5.0,4.0
4,0.2636363636363636,0.36363636363636365,0.6454545454545454,0.4636363636363636,0.6636363636363636,5.0,5.0,5.0,3.0,5.0,2.0
6,0.16666666666666666,0.35000000000000003,0.6333333333333333,0.4166666666666667,0.7666666666666666,5.0,5.0,5.0,4.0,5.0,1.0
7,0.1111111111111111,0.36666666666666664,0.7,0.48888888888888893,0.8222222222222223,5.0,5.0,5.0,1.0,5.0,4.0
8,0.22000000000000003,0.25,0.58,0.41,0.72,4.0,4.0,4.0,2.0,4.0,2.0
9,0.18888888888888888,0.17777777777777778,0.5777777777777778,0.26666666666666666,0.7666666666666667,3.5,4.0,3.0,1.0,4.0,3.0
10,0.17857142857142858,0.35000000000000003,0.6285714285714284,0.4214285714285714,0.7857142857142857,4.0,3.0,5.0,1.0,4.0,3.0
11,0.22999999999999998,0.25,0.51,0.32999999999999996,0.72,3.5,3.0,4.0,1.0,4.0,3.0
12,0.13076923076923078,0.4923076923076923,0.7153846153846154,0.6,0.8230769230769232,5.0,5.0,5.0,1.0,4.0,3.0
13,0.14,0.26,0.54,0.37,0.82,5.0,5.0,5.0,4.0,5.0,1.0
15,0.27,0.1,0.31999999999999995,0.15,0.48,5.0,5.0,5.0,4.0,5.0,1.0
16,0.07777777777777778,0.4,0.6555555555555554,0.4666666666666667,0.8444444444444446,4.5,4.0,5.0,2.0,5.0,3.0
17,0.31,0.22000000000000003,0.58,0.32,0.67,5.0,5.0,5.0,2.0,3.0,1.0
18,0.06000000000000001,0.22000000000000003,0.4699999999999999,0.3,0.8400000000000001,4.0,4.0,4.0,1.0,4.0,3.0
19,0.22,0.22,0.6133333333333333,0.32,0.7533333333333334,5.0,5.0,5.0,1.0,2.0,1.0
20,0.13636363636363635,0.2909090909090909,0.5454545454545454,0.34545454545454546,0.8272727272727273,3.5,3.0,4.0,1.0,4.0,3.0
21,0.24444444444444446,0.34444444444444444,0.6555555555555554,0.4555555555555555,0.7,5.0,5.0,5.0,2.0,5.0,3.0
22,0.125,0.31666666666666665,0.6083333333333333,0.4083333333333334,0.85,5.0,5.0,5.0,4.0,5.0,1.0
23,0.08181818181818182,0.2727272727272727,0.5545454545454546,0.3727272727272727,0.8454545454545456,4.5,5.0,4.0,3.0,5.0,2.0
25,0.23333333333333334,0.34444444444444444,0.6222222222222222,0.43333333333333335,0.7333333333333333,4.0,4.0,4.0,1.0,4.0,3.0
26,0.13333333333333333,0.35333333333333333,0.6333333333333333,0.4266666666666667,0.8533333333333334,5.0,5.0,5.0,3.0,4.0,1.0
28,0.14444444444444446,0.3222222222222222,0.6111111111111112,0.5,0.8111111111111111,5.0,5.0,5.0,2.0,3.0,1.0
30,0.18181818181818182,0.43636363636363634,0.6545454545454545,0.49090909090909096,0.7454545454545454,5.0,5.0,5.0,4.0,5.0,1.0
31,0.3076923076923077,0.3538461538461538,0.6384615384615385,0.43076923076923074,0.6615384615384615,5.0,5.0,5.0,2.0,3.0,1.0
32,0.20909090909090908,0.3090909090909091,0.5363636363636364,0.38181818181818183,0.7363636363636363,5.0,5.0,5.0,1.0,4.0,3.0
33,0.17272727272727273,0.2636363636363636,0.6545454545454545,0.4090909090909091,0.8181818181818182,4.0,4.0,4.0,1.0,3.0,2.0
34,0.1,0.24,0.5399999999999999,0.32,0.8800000000000001,5.0,5.0,5.0,3.0,4.0,1.0
35,0.26,0.37,0.6,0.41,0.7,4.0,4.0,4.0,1.0,3.0,2.0
36,0.15454545454545457,0.3181818181818182,0.609090909090909,0.3909090909090909,0.7909090909090909,3.0,3.0,3.0,3.0,5.0,2.0
37,0.12307692307692308,0.3,0.6153846153846154,0.4153846153846154,0.8615384615384616,4.0,4.0,4.0,2.0,5.0,3.0
38,0.125,0.325,0.675,0.4125,0.825,5.0,5.0,5.0,3.0,5.0,2.0
39,0.11538461538461539,0.46923076923076923,0.7076923076923076,0.5384615384615384,0.8307692307692308,4.0,4.0,4.0,2.0,3.0,1.0
40,0.15,0.4166666666666667,0.6583333333333333,0.4666666666666666,0.8083333333333332,5.0,5.0,5.0,3.0,4.0,1.0
41,0.11000000000000001,0.3,0.63,0.39,0.85,3.0,1.0,5.0,2.0,3.0,1.0
42,0.16428571428571428,0.19285714285714287,0.4714285714285714,0.2642857142857143,0.7785714285714286,3.5,3.0,4.0,2.0,3.0,1.0
43,0.23000000000000004,0.26,0.54,0.33999999999999997,0.71,4.5,5.0,4.0,1.0,4.0,3.0
44,0.225,0.1,0.4125,0.3375,0.6125,5.0,5.0,5.0,2.0,4.0,2.0
45,0.09166666666666667,0.35000000000000003,0.5083333333333333,0.40833333333333327,0.8666666666666667,4.5,4.0,5.0,2.0,4.0,2.0
46,0.15,0.275,0.5875,0.375,0.6875,5.0,5.0,5.0,2.0,3.0,1.0
47,0.08333333333333333,0.27499999999999997,0.4916666666666667,0.43333333333333335,0.8666666666666667,4.5,4.0,5.0,2.0,3.0,1.0
48,0.25,0.22000000000000003,0.64,0.35,0.74,5.0,5.0,5.0,3.0,5.0,2.0
50,0.2,0.2222222222222222,0.5055555555555555,0.31666666666666665,0.7333333333333333,5.0,5.0,5.0,3.0,4.0,1.0
51,0.1,0.35,0.525,0.425,0.8625,5.0,5.0,5.0,2.0,5.0,3.0
52,0.1,0.29000000000000004,0.67,0.39,0.85,5.0,5.0,5.0,2.0,4.0,2.0
53,0.1,0.35,0.62,0.44000000000000006,0.8699999999999999,4.5,4.0,5.0,2.0,4.0,2.0
54,0.14444444444444446,0.35555555555555557,0.6222222222222222,0.5,0.7666666666666667,3.0,1.0,5.0,2.0,3.0,1.0
56,0.13529411764705881,0.11176470588235295,0.23529411764705882,0.15294117647058825,0.7000000000000001,5.0,5.0,5.0,1.0,3.0,2.0
57,0.2,0.16666666666666666,0.38666666666666666,0.24000000000000002,0.7466666666666666,5.0,5.0,5.0,1.0,4.0,3.0
58,0.19,0.26,0.6199999999999999,0.36,0.73,4.0,4.0,4.0,1.0,3.0,2.0
59,0.16666666666666666,0.3333333333333333,0.7444444444444445,0.4222222222222222,0.7777777777777778,5.0,5.0,5.0,1.0,3.0,2.0
60,0.25833333333333336,0.30833333333333335,0.6,0.3833333333333333,0.6916666666666668,4.5,5.0,4.0,2.0,5.0,3.0
61,0.125,0.35833333333333334,0.6416666666666666,0.40833333333333327,0.8166666666666668,4.5,4.0,5.0,2.0,3.0,1.0
62,0.225,0.41875,0.6375,0.46249999999999997,0.74375,5.0,5.0,5.0,2.0,4.0,2.0
63,0.2571428571428572,0.18571428571428572,0.5714285714285714,0.3,0.6571428571428571,3.5,3.0,4.0,1.0,4.0,3.0
64,0.11000000000000001,0.29,0.53,0.36,0.8699999999999999,5.0,5.0,5.0,4.0,5.0,1.0
65,0.1,0.29,0.54,0.41,0.78,3.0,3.0,3.0,1.0,3.0,2.0
66,0.17272727272727273,0.22727272727272727,0.5545454545454546,0.33636363636363636,0.7727272727272727,4.5,5.0,4.0,3.0,4.0,1.0
67,0.1,0.5909090909090909,0.7727272727272727,0.6545454545454545,0.890909090909091,5.0,5.0,5.0,2.0,5.0,3.0
68,0.125,0.44166666666666665,0.725,0.5,0.8083333333333332,5.0,5.0,5.0,3.0,4.0,1.0
69,0.13,0.24,0.5399999999999999,0.3,0.8,4.5,4.0,5.0,2.0,4.0,2.0
71,0.08750000000000001,0.4875,0.6875,0.5375,0.8500000000000001,5.0,5.0,5.0,2.0,4.0,2.0
72,0.19,0.43,0.76,0.5599999999999999,0.77,5.0,5.0,5.0,4.0,5.0,1.0
73,0.16363636363636364,0.32727272727272727,0.6272727272727272,0.43636363636363634,0.7636363636363637,4.5,4.0,5.0,2.0,4.0,2.0
74,0.06666666666666667,0.225,0.43333333333333335,0.3,0.8833333333333333,4.5,4.0,5.0,1.0,4.0,3.0
75,0.13333333333333333,0.36666666666666664,0.7111111111111111,0.4888888888888888,0.8222222222222223,5.0,5.0,5.0,2.0,5.0,3.0
76,0.22307692307692306,0.23846153846153847,0.5538461538461538,0.33076923076923076,0.6076923076923078,5.0,5.0,5.0,1.0,4.0,3.0
77,0.16785714285714287,0.22142857142857145,0.5642857142857143,0.30357142857142855,0.8357142857142856,5.0,5.0,5.0,3.0,4.0,1.0
78,0.11666666666666668,0.31666666666666665,0.6749999999999999,0.4083333333333334,0.8166666666666668,5.0,5.0,5.0,1.0,4.0,3.0
79,0.22000000000000003,0.37,0.74,0.48999999999999994,0.76,4.0,4.0,4.0,1.0,4.0,3.0
80,0.15,0.35833333333333334,0.6749999999999999,0.4583333333333333,0.8333333333333334,5.0,5.0,5.0,1.0,3.0,2.0
81,0.1,0.3333333333333333,0.6055555555555556,0.4,0.8222222222222223,4.0,4.0,4.0,1.0,5.0,4.0
82,0.15384615384615385,0.3,0.5538461538461539,0.37692307692307697,0.7461538461538461,4.0,4.0,4.0,1.0,3.0,2.0
83,0.16666666666666666,0.4,0.7111111111111111,0.5222222222222223,0.8,5.0,5.0,5.0,1.0,4.0,3.0
85,0.2,0.15454545454545454,0.4272727272727273,0.29090909090909095,0.7000000000000001,3.0,3.0,3.0,1.0,3.0,2.0
86,0.1285714285714286,0.4714285714285714,0.7571428571428571,0.5857142857142856,0.8285714285714285,4.5,4.0,5.0,1.0,5.0,4.0
87,0.39999999999999997,0.35833333333333334,0.7000000000000001,0.44166666666666665,0.5666666666666667,5.0,5.0,5.0,4.0,5.0,1.0
88,0.16666666666666666,0.20833333333333334,0.5333333333333333,0.3,0.7166666666666667,4.5,5.0,4.0,1.0,4.0,3.0
89,0.09230769230769233,0.07692307692307693,0.29230769230769227,0.11538461538461539,0.7692307692307693,5.0,5.0,5.0,3.0,4.0,1.0
91,0.09166666666666667,0.39166666666666666,0.6166666666666667,0.525,0.8583333333333334,5.0,5.0,5.0,2.0,4.0,2.0
92,0.1111111111111111,0.47777777777777775,0.6777777777777777,0.5666666666666667,0.8333333333333334,5.0,5.0,5.0,4.0,5.0,1.0
93,0.2153846153846154,0.27692307692307694,0.5846153846153845,0.37692307692307697,0.7461538461538461,2.5,3.0,2.0,3.0,5.0,2.0
95,0.20625,0.425,0.71875,0.4875,0.75,5.0,5.0,5.0,4.0,5.0,1.0
96,0.10909090909090909,0.3090909090909091,0.7272727272727273,0.35454545454545455,0.8272727272727273,5.0,5.0,5.0,1.0,4.0,3.0
97,0.1125,0.3625,0.7,0.55,0.8625,5.0,5.0,5.0,3.0,5.0,2.0
98,0.1,0.25,0.5199999999999999,0.3,0.75,3.5,3.0,4.0,1.0,3.0,2.0
99,0.13571428571428573,0.35000000000000003,0.6214285714285713,0.41428571428571426,0.7999999999999999,5.0,5.0,5.0,1.0,3.0,2.0
100,0.15454545454545454,0.29090909090909095,0.6636363636363636,0.3727272727272727,0.8,5.0,5.0,5.0,2.0,4.0,2.0
101,0.17058823529411765,0.2529411764705882,0.5941176470588235,0.31764705882352945,0.7823529411764706,5.0,5.0,5.0,2.0,5.0,3.0
102,0.23500000000000001,0.13,0.365,0.2,0.585,5.0,5.0,5.0,3.0,5.0,2.0
103,0.10909090909090909,0.36363636363636365,0.6454545454545454,0.4636363636363636,0.8545454545454546,4.5,5.0,4.0,1.0,4.0,3.0
104,0.24166666666666667,0.24166666666666667,0.5,0.325,0.7083333333333334,5.0,5.0,5.0,1.0,4.0,3.0
105,0.3,0.27999999999999997,0.58,0.4,0.63,5.0,5.0,5.0,4.0,5.0,1.0
106,0.13,0.31999999999999995,0.5599999999999999,0.36,0.85,5.0,5.0,5.0,1.0,4.0,3.0
108,0.1,0.39375,0.69375,0.46249999999999997,0.8375,4.5,4.0,5.0,1.0,3.0,2.0
109,0.13749999999999998,0.275,0.575,0.35,0.8125,5.0,5.0,5.0,1.0,2.0,1.0
110,0.1272727272727273,0.38181818181818183,0.6272727272727272,0.4636363636363636,0.8272727272727273,3.0,3.0,3.0,1.0,4.0,3.0
111,0.15,0.2857142857142857,0.5714285714285714,0.35714285714285715,0.8071428571428572,4.0,4.0,4.0,2.0,3.0,1.0
112,0.13636363636363635,0.2545454545454545,0.6272727272727272,0.32727272727272727,0.8,4.0,4.0,4.0,4.0,5.0,1.0
113,0.08,0.23000000000000004,0.6399999999999999,0.33999999999999997,0.8800000000000001,5.0,5.0,5.0,2.0,4.0,2.0
114,0.1125,0.11875000000000001,0.38125,0.17500000000000002,0.8375,3.0,3.0,3.0,1.0,4.0,3.0
115,0.15555555555555556,0.26666666666666666,0.6333333333333333,0.3888888888888889,0.7777777777777778,5.0,5.0,5.0,1.0,2.0,1.0
116,0.12307692307692308,0.3692307692307692,0.6384615384615384,0.46923076923076923,0.8230769230769232,5.0,5.0,5.0,4.0,5.0,1.0
117,0.14166666666666666,0.40833333333333327,0.6333333333333333,0.4666666666666666,0.7999999999999999,5.0,5.0,5.0,3.0,5.0,2.0
118,0.14166666666666666,0.26666666666666666,0.4916666666666667,0.35000000000000003,0.8166666666666668,5.0,5.0,5.0,2.0,3.0,1.0
122,0.18,0.3,0.6399999999999999,0.39,0.79,5.0,5.0,5.0,1.0,4.0,3.0
123,0.27058823529411763,0.3235294117647059,0.5705882352941176,0.388235294117647,0.6705882352941177,4.0,4.0,4.0,2.0,4.0,2.0
124,0.18,0.27999999999999997,0.59,0.37,0.79,5.0,5.0,5.0,4.0,5.0,1.0
125,0.20833333333333334,0.30833333333333335,0.5916666666666667,0.4166666666666667,0.7416666666666667,5.0,5.0,5.0,1.0,3.0,2.0
126,0.1388888888888889,0.2,0.4277777777777778,0.2833333333333334,0.7333333333333333,3.5,4.0,3.0,1.0,4.0,3.0
127,0.12380952380952381,0.4428571428571428,0.7095238095238096,0.5238095238095238,0.8476190476190476,5.0,5.0,5.0,2.0,4.0,2.0
128,0.06153846153846154,0.29230769230769227,0.5615384615384615,0.43076923076923074,0.8615384615384615,5.0,5.0,5.0,2.0,3.0,1.0
129,0.15000000000000002,0.325,0.6125,0.39375,0.7625000000000001,3.0,2.0,4.0,1.0,5.0,4.0
130,0.16999999999999998,0.31,0.5900000000000001,0.39,0.8099999999999999,5.0,5.0,5.0,3.0,5.0,2.0
131,0.2,0.24,0.5700000000000001,0.31,0.73,4.5,5.0,4.0,1.0,4.0,3.0
132,0.43999999999999995,0.25,0.75,0.39,0.52,4.5,5.0,4.0,1.0,3.0,2.0
133,0.2727272727272727,0.23636363636363636,0.509090909090909,0.34545454545454546,0.6818181818181818,5.0,5.0,5.0,2.0,4.0,2.0
134,0.23125,0.3125,0.65,0.44375,0.71875,5.0,5.0,5.0,1.0,3.0,2.0
135,0.10909090909090911,0.32727272727272727,0.5181818181818181,0.3909090909090909,0.8090909090909091,3.0,3.0,3.0,1.0,3.0,2.0
136,0.16874999999999998,0.28125,0.60625,0.36875,0.7875,4.0,4.0,4.0,2.0,4.0,2.0
138,0.18888888888888888,0.26666666666666666,0.5777777777777777,0.39999999999999997,0.7444444444444445,3.5,3.0,4.0,1.0,4.0,3.0
139,0.19090909090909092,0.3909090909090909,0.7363636363636363,0.4636363636363636,0.7909090909090909,5.0,5.0,5.0,1.0,3.0,2.0
140,0.17777777777777778,0.4,0.6,0.5111111111111111,0.7555555555555555,5.0,5.0,5.0,2.0,4.0,2.0
141,0.125,0.45,0.7,0.5125,0.8375,5.0,5.0,5.0,1.0,3.0,2.0
142,0.1,0.49000000000000005,0.7,0.55,0.85,5.0,5.0,5.0,2.0,4.0,2.0
144,0.19,0.42000000000000004,0.6900000000000001,0.51,0.76,4.0,4.0,4.0,3.0,5.0,2.0
145,0.09166666666666667,0.2916666666666667,0.5333333333333333,0.4083333333333334,0.8416666666666667,5.0,5.0,5.0,4.0,5.0,1.0
146,0.15333333333333335,0.2866666666666667,0.5533333333333333,0.39333333333333337,0.76,4.0,4.0,4.0,1.0,3.0,2.0
147,0.2111111111111111,0.12222222222222223,0.4,0.21111111111111114,0.7555555555555555,4.0,4.0,4.0,2.0,4.0,2.0
148,0.1125,0.3375,0.4375,0.4125,0.85,4.5,4.0,5.0,1.0,3.0,2.0
149,0.14615384615384616,0.2,0.4923076923076923,0.26153846153846155,0.7,4.5,4.0,5.0,2.0,4.0,2.0
150,0.17142857142857143,0.3,0.6142857142857142,0.38571428571428573,0.8142857142857143,4.0,4.0,4.0,1.0,5.0,4.0
151,0.14,0.32999999999999996,0.67,0.43,0.85,4.0,4.0,4.0,1.0,3.0,2.0
152,0.2,0.36,0.6799999999999999,0.42000000000000004,0.77,4.0,4.0,4.0,2.0,4.0,2.0
153,0.12727272727272726,0.33636363636363636,0.5636363636363636,0.41818181818181815,0.8454545454545456,5.0,5.0,5.0,4.0,5.0,1.0
155,0.12,0.22000000000000003,0.5,0.29,0.8400000000000001,3.0,3.0,3.0,1.0,4.0,3.0
156,0.3,0.16666666666666666,0.5,0.2222222222222222,0.5333333333333333,4.5,4.0,5.0,1.0,3.0,2.0
157,0.24444444444444446,0.2555555555555556,0.5222222222222223,0.3444444444444444,0.6666666666666666,3.5,3.0,4.0,2.0,5.0,3.0
158,0.3125,0.1875,0.625,0.3625,0.625,4.0,4.0,4.0,2.0,5.0,3.0
159,0.20588235294117646,0.3235294117647059,0.6235294117647059,0.38235294117647056,0.7000000000000001,5.0,5.0,5.0,1.0,3.0,2.0
160,0.1285714285714286,0.42857142857142855,0.7285714285714285,0.5428571428571428,0.8285714285714285,5.0,5.0,5.0,4.0,5.0,1.0
161,0.175,0.325,0.6625,0.41250000000000003,0.7375,5.0,5.0,5.0,2.0,5.0,3.0
163,0.28888888888888886,0.21111111111111114,0.7,0.3444444444444444,0.7,5.0,5.0,5.0,3.0,4.0,1.0
164,0.09090909090909091,0.3,0.6363636363636364,0.4272727272727273,0.8727272727272727,5.0,5.0,5.0,2.0,3.0,1.0
165,0.16,0.15,0.43,0.21000000000000002,0.71,3.5,3.0,4.0,1.0,4.0,3.0
166,0.13333333333333333,0.2222222222222222,0.5555555555555556,0.2888888888888889,0.6000000000000001,4.0,4.0,4.0,4.0,5.0,1.0
167,0.10714285714285714,0.31428571428571433,0.7071428571428572,0.5,0.8642857142857142,5.0,5.0,5.0,2.0,4.0,2.0
168,0.2222222222222222,0.2888888888888889,0.6666666666666666,0.3888888888888889,0.7444444444444445,5.0,5.0,5.0,2.0,5.0,3.0
169,0.26666666666666666,0.21666666666666667,0.6,0.3333333333333333,0.6916666666666668,4.0,4.0,4.0,1.0,4.0,3.0
170,0.11666666666666668,0.22499999999999998,0.44999999999999996,0.2916666666666667,0.85,5.0,5.0,5.0,1.0,5.0,4.0
171,0.2090909090909091,0.39999999999999997,0.6454545454545454,0.4818181818181818,0.7545454545454546,5.0,5.0,5.0,4.0,5.0,1.0
172,0.14444444444444446,0.37777777777777777,0.7333333333333333,0.47777777777777775,0.8,4.5,5.0,4.0,2.0,4.0,2.0
173,0.17222222222222222,0.2777777777777778,0.6222222222222222,0.4,0.7944444444444445,5.0,5.0,5.0,2.0,4.0,2.0
174,0.1,0.2785714285714286,0.43571428571428567,0.39285714285714285,0.85,5.0,5.0,5.0,3.0,4.0,1.0
175,0.14285714285714285,0.2857142857142857,0.5714285714285714,0.41428571428571426,0.7999999999999999,3.0,3.0,3.0,1.0,4.0,3.0
176,0.10909090909090909,0.4272727272727273,0.6818181818181818,0.5727272727272728,0.8454545454545456,5.0,5.0,5.0,1.0,4.0,3.0
177,0.23333333333333334,0.18888888888888888,0.5222222222222223,0.26666666666666666,0.7444444444444445,5.0,5.0,5.0,1.0,2.0,1.0
178,0.1875,0.35000000000000003,0.7,0.475,0.7625000000000001,5.0,5.0,5.0,2.0,4.0,2.0
179,0.2,0.3888888888888889,0.7,0.5,0.7888888888888889,5.0,5.0,5.0,1.0,5.0,4.0
180,0.14285714285714285,0.4571428571428572,0.7000000000000001,0.5285714285714286,0.7999999999999999,5.0,5.0,5.0,2.0,4.0,2.0
181,0.11538461538461539,0.29230769230769227,0.5846153846153845,0.37692307692307697,0.6846153846153846,5.0,5.0,5.0,2.0,3.0,1.0
182,0.1,0.27999999999999997,0.62,0.37,0.8699999999999999,5.0,5.0,5.0,3.0,5.0,2.0
183,0.11818181818181818,0.29090909090909095,0.5454545454545454,0.3727272727272727,0.8454545454545456,5.0,5.0,5.0,3.0,4.0,1.0
184,0.3222222222222222,0.35555555555555557,0.6333333333333333,0.4222222222222222,0.6333333333333333,5.0,5.0,5.0,1.0,3.0,2.0
186,0.2285714285714286,0.37857142857142856,0.6642857142857144,0.4785714285714286,0.7142857142857143,4.5,4.0,5.0,2.0,5.0,3.0
187,0.2222222222222222,0.41111111111111115,0.6777777777777777,0.5111111111111111,0.7333333333333333,4.0,4.0,4.0,1.0,4.0,3.0
188,0.19285714285714287,0.3142857142857142,0.5785714285714285,0.43571428571428567,0.7000000000000001,5.0,5.0,5.0,2.0,4.0,2.0
190,0.13846153846153847,0.33076923076923076,0.5846153846153845,0.43076923076923074,0.8461538461538461,4.5,4.0,5.0,2.0,5.0,3.0
191,0.1111111111111111,0.2222222222222222,0.6444444444444444,0.3888888888888889,0.911111111111111,5.0,5.0,5.0,3.0,4.0,1.0
192,0.12222222222222223,0.37777777777777777,0.6,0.43333333333333335,0.8444444444444446,5.0,5.0,5.0,1.0,5.0,4.0
193,0.17,0.2,0.42000000000000004,0.3,0.79,4.0,4.0,4.0,2.0,4.0,2.0
194,0.12222222222222223,0.2777777777777778,0.6666666666666666,0.3888888888888889,0.8333333333333334,4.5,4.0,5.0,2.0,5.0,3.0
196,0.14444444444444446,0.36666666666666664,0.6333333333333333,0.4555555555555555,0.8,5.0,5.0,5.0,1.0,4.0,3.0
197,0.08333333333333333,0.35000000000000003,0.6166666666666667,0.4083333333333334,0.8666666666666667,5.0,5.0,5.0,1.0,3.0,2.0
198,0.2818181818181818,0.15454545454545457,0.32727272727272727,0.2,0.5181818181818182,4.0,3.0,5.0,4.0,5.0,1.0
199,0.15454545454545457,0.36363636363636365,0.6363636363636364,0.4727272727272727,0.7909090909090909,5.0,5.0,5.0,1.0,4.0,3.0
200,0.12222222222222223,0.3111111111111111,0.6333333333333333,0.43333333333333335,0.8222222222222223,3.5,3.0,4.0,1.0,4.0,3.0
202,0.1,0.4125,0.775,0.5125,0.8250000000000001,5.0,5.0,5.0,1.0,5.0,4.0
203,0.11000000000000001,0.4,0.61,0.48,0.85,3.0,3.0,3.0,1.0,4.0,3.0
204,0.1,0.31,0.54,0.43,0.77,4.0,3.0,5.0,1.0,4.0,3.0
205,0.43999999999999995,0.29,0.6599999999999999,0.39,0.55,3.0,3.0,3.0,1.0,4.0,3.0
207,0.05454545454545456,0.19090909090909092,0.4272727272727273,0.2545454545454545,0.9,2.5,1.0,4.0,1.0,4.0,3.0
208,0.08260869565217391,0.1217391304347826,0.3391304347826087,0.1826086956521739,0.691304347826087,5.0,5.0,5.0,3.0,4.0,1.0
209,0.08181818181818182,0.3090909090909091,0.6363636363636364,0.45454545454545453,0.9272727272727272,5.0,5.0,5.0,1.0,4.0,3.0
210,0.16666666666666666,0.21666666666666667,0.4166666666666667,0.2916666666666667,0.775,5.0,5.0,5.0,1.0,4.0,3.0
211,0.04,0.13,0.32,0.16999999999999998,0.76,3.5,3.0,4.0,2.0,4.0,2.0
213,0.13076923076923078,0.2846153846153846,0.6923076923076923,0.3923076923076923,0.823076923076923,5.0,5.0,5.0,3.0,4.0,1.0
214,0.16,0.48999999999999994,0.6900000000000001,0.61,0.8,4.0,3.0,5.0,1.0,4.0,3.0
215,0.1285714285714286,0.32857142857142857,0.6714285714285715,0.41428571428571426,0.8142857142857143,5.0,5.0,5.0,1.0,3.0,2.0
217,0.11363636363636363,0.24545454545454548,0.5499999999999999,0.32727272727272727,0.8136363636363636,5.0,5.0,5.0,2.0,4.0,2.0
218,0.07500000000000001,0.22499999999999998,0.5375,0.325,0.8875000000000001,5.0,5.0,5.0,2.0,4.0,2.0
219,0.09,0.5399999999999999,0.67,0.59,0.8400000000000001,4.0,4.0,4.0,1.0,4.0,3.0
220,0.12222222222222223,0.35555555555555557,0.5944444444444444,0.4388888888888889,0.75,4.0,5.0,3.0,2.0,4.0,2.0
221,0.125,0.3833333333333333,0.6,0.49166666666666664,0.8333333333333334,5.0,5.0,5.0,2.0,3.0,1.0
222,0.10833333333333334,0.3,0.575,0.3833333333333333,0.85,4.0,4.0,4.0,1.0,4.0,3.0
223,0.19999999999999998,0.4444444444444444,0.7111111111111111,0.5,0.7555555555555555,5.0,5.0,5.0,2.0,4.0,2.0
224,0.325,0.225,0.5375,0.2875,0.6125,5.0,5.0,5.0,4.0,5.0,1.0
225,0.06000000000000001,0.18,0.35,0.24,0.8099999999999999,4.5,4.0,5.0,1.0,3.0,2.0
226,0.08800000000000001,0.344,0.58,0.392,0.88,5.0,5.0,5.0,1.0,5.0,4.0
227,0.23333333333333334,0.26666666666666666,0.6444444444444444,0.5111111111111111,0.7333333333333333,5.0,5.0,5.0,2.0,4.0,2.0
228,0.15,0.26666666666666666,0.4166666666666667,0.35000000000000003,0.8166666666666668,5.0,5.0,5.0,3.0,5.0,2.0
229,0.10909090909090911,0.16363636363636364,0.39999999999999997,0.19090909090909092,0.8545454545454546,4.0,4.0,4.0,2.0,4.0,2.0
230,0.13333333333333333,0.26666666666666666,0.6749999999999999,0.3666666666666667,0.8416666666666667,5.0,5.0,5.0,1.0,2.0,1.0
231,0.2,0.4454545454545454,0.7000000000000001,0.5454545454545454,0.7545454545454546,4.0,4.0,4.0,1.0,5.0,4.0
233,0.15833333333333333,0.24166666666666667,0.5499999999999999,0.3333333333333333,0.8083333333333332,5.0,5.0,5.0,2.0,5.0,3.0
234,0.12222222222222223,0.41111111111111115,0.6555555555555556,0.48888888888888893,0.8555555555555556,5.0,5.0,5.0,2.0,4.0,2.0
237,0.18571428571428572,0.2857142857142857,0.6214285714285713,0.33571428571428574,0.6428571428571429,4.5,5.0,4.0,4.0,5.0,1.0
240,0.1111111111111111,0.36666666666666664,0.6222222222222222,0.4888888888888888,0.8444444444444444,4.5,4.0,5.0,1.0,4.0,3.0
241,0.13,0.32999999999999996,0.62,0.48,0.8300000000000001,5.0,5.0,5.0,2.0,4.0,2.0
242,0.1111111111111111,0.3222222222222222,0.7111111111111111,0.41111111111111115,0.8555555555555556,5.0,5.0,5.0,2.0,4.0,2.0
243,0.09999999999999999,0.16666666666666666,0.4666666666666666,0.2833333333333334,0.8666666666666667,4.5,5.0,4.0,1.0,3.0,2.0
244,0.18,0.37,0.52,0.47000000000000003,0.73,4.0,4.0,4.0,3.0,5.0,2.0
246,0.11666666666666668,0.3833333333333333,0.6333333333333333,0.5,0.8250000000000001,5.0,5.0,5.0,1.0,4.0,3.0
247,0.1125,0.21250000000000002,0.46249999999999997,0.325,0.7875,3.5,3.0,4.0,1.0,4.0,3.0
248,0.1111111111111111,0.5777777777777777,0.7888888888888889,0.6666666666666666,0.8444444444444446,5.0,5.0,5.0,3.0,4.0,1.0
249,0.13,0.39,0.67,0.53,0.8099999999999999,5.0,5.0,5.0,2.0,4.0,2.0
251,0.16999999999999998,0.31,0.6799999999999999,0.41,0.79,5.0,5.0,5.0,2.0,4.0,2.0
252,0.13,0.36,0.6799999999999999,0.53,0.86,4.5,4.0,5.0,2.0,4.0,2.0
253,0.07272727272727274,0.5272727272727272,0.6090909090909091,0.5636363636363636,0.8636363636363636,5.0,5.0,5.0,2.0,5.0,3.0
255,0.125,0.35833333333333334,0.6416666666666667,0.4166666666666667,0.8500000000000001,5.0,5.0,5.0,3.0,4.0,1.0
256,0.2642857142857143,0.33571428571428574,0.6285714285714284,0.42857142857142855,0.7000000000000001,5.0,5.0,5.0,4.0,5.0,1.0
257,0.15555555555555556,0.3111111111111111,0.6333333333333333,0.43333333333333335,0.7777777777777778,5.0,5.0,5.0,2.0,4.0,2.0
258,0.25,0.3,0.65,0.38,0.7,5.0,5.0,5.0,2.0,3.0,1.0
259,0.07,0.26,0.55,0.32999999999999996,0.8800000000000001,4.0,4.0,4.0,2.0,5.0,3.0
260,0.16153846153846155,0.3076923076923077,0.6846153846153846,0.3923076923076923,0.7923076923076924,4.0,4.0,4.0,2.0,4.0,2.0
264,0.16363636363636364,0.36363636363636365,0.6727272727272727,0.4454545454545454,0.7909090909090909,4.0,4.0,4.0,2.0,4.0,2.0
265,0.18181818181818182,0.33636363636363636,0.6636363636363636,0.4090909090909091,0.7545454545454546,5.0,5.0,5.0,2.0,3.0,1.0
266,0.12000000000000002,0.39,0.65,0.45999999999999996,0.79,5.0,5.0,5.0,2.0,4.0,2.0
267,0.15454545454545457,0.36363636363636365,0.6545454545454544,0.5272727272727272,0.8181818181818182,5.0,5.0,5.0,3.0,4.0,1.0
268,0.15555555555555556,0.2888888888888889,0.6111111111111112,0.37777777777777777,0.7666666666666667,5.0,5.0,5.0,4.0,5.0,1.0
269,0.12142857142857143,0.37142857142857144,0.5642857142857143,0.41428571428571426,0.8357142857142857,4.0,4.0,4.0,1.0,5.0,4.0
270,0.21000000000000002,0.45,0.72,0.5399999999999999,0.77,5.0,5.0,5.0,3.0,4.0,1.0
271,0.16666666666666666,0.2777777777777778,0.6000000000000001,0.4222222222222222,0.8,5.0,5.0,5.0,3.0,5.0,2.0
272,0.18,0.44000000000000006,0.7,0.53,0.77,5.0,5.0,5.0,2.0,3.0,1.0
273,0.2222222222222222,0.3111111111111111,0.5555555555555556,0.4666666666666667,0.6777777777777777,4.0,5.0,3.0,1.0,4.0,3.0
275,0.13076923076923078,0.34615384615384615,0.6076923076923076,0.4461538461538461,0.8153846153846154,5.0,5.0,5.0,1.0,3.0,2.0
276,0.11000000000000001,0.29,0.6,0.4,0.82,4.5,4.0,5.0,3.0,5.0,2.0
277,0.04615384615384616,0.22307692307692306,0.4076923076923077,0.24615384615384614,0.8538461538461538,4.5,5.0,4.0,2.0,5.0,3.0
278,0.1,0.39,0.65,0.51,0.85,5.0,5.0,5.0,2.0,5.0,3.0
279,0.19090909090909092,0.3181818181818182,0.6272727272727273,0.4272727272727273,0.7727272727272727,5.0,5.0,5.0,2.0,4.0,2.0
280,0.13636363636363635,0.29090909090909095,0.6818181818181818,0.4,0.8090909090909091,4.0,4.0,4.0,2.0,4.0,2.0
281,0.19,0.43,0.67,0.5,0.76,4.0,4.0,4.0,2.0,4.0,2.0
282,0.18181818181818182,0.3727272727272727,0.7363636363636363,0.4818181818181818,0.7636363636363637,4.0,4.0,4.0,3.0,5.0,2.0
283,0.18,0.37,0.59,0.42000000000000004,0.8099999999999999,3.5,3.0,4.0,1.0,4.0,3.0
284,0.2636363636363636,0.19090909090909092,0.5181818181818181,0.2545454545454545,0.6454545454545454,5.0,5.0,5.0,1.0,5.0,4.0
286,0.06999999999999999,0.19,0.47000000000000003,0.24,0.925,5.0,5.0,5.0,2.0,5.0,3.0
287,0.2222222222222222,0.30000000000000004,0.6111111111111112,0.4111111111111111,0.7222222222222222,5.0,5.0,5.0,1.0,4.0,3.0
288,0.16666666666666666,0.33888888888888885,0.6777777777777777,0.46111111111111114,0.7388888888888889,5.0,5.0,5.0,4.0,5.0,1.0
289,0.17777777777777778,0.35555555555555557,0.7444444444444445,0.4555555555555555,0.8,4.0,4.0,4.0,1.0,2.0,1.0
290,0.125,0.44999999999999996,0.675,0.5625,0.875,3.5,3.0,4.0,1.0,3.0,2.0
291,0.14444444444444446,0.43333333333333335,0.7222222222222222,0.5666666666666667,0.8,5.0,5.0,5.0,1.0,5.0,4.0
292,0.1,0.34444444444444444,0.6222222222222222,0.4111111111111111,0.8555555555555556,4.0,4.0,4.0,1.0,2.0,1.0
293,0.17142857142857143,0.24285714285714285,0.5142857142857142,0.2857142857142857,0.7571428571428571,4.0,4.0,4.0,2.0,4.0,2.0
294,0.16,0.53,0.71,0.58,0.76,5.0,5.0,5.0,2.0,3.0,1.0
297,0.05833333333333334,0.2916666666666667,0.6,0.39999999999999997,0.8916666666666666,5.0,5.0,5.0,2.0,4.0,2.0
298,0.14615384615384613,0.36153846153846153,0.5538461538461539,0.5076923076923077,0.8461538461538461,4.0,4.0,4.0,1.0,2.0,1.0
299,0.1,0.42000000000000004,0.6599999999999999,0.5,0.86,5.0,5.0,5.0,1.0,5.0,4.0
301,0.1272727272727273,0.4,0.6909090909090909,0.49090909090909096,0.8090909090909091,3.5,4.0,3.0,1.0,4.0,3.0
302,0.16470588235294117,0.29411764705882354,0.6294117647058823,0.41764705882352937,0.8117647058823529,5.0,5.0,5.0,2.0,4.0,2.0
303,0.1,0.27999999999999997,0.6599999999999999,0.37,0.86,5.0,5.0,5.0,4.0,5.0,1.0
304,0.19999999999999998,0.2285714285714286,0.6142857142857142,0.31428571428571433,0.7714285714285715,5.0,5.0,5.0,3.0,4.0,1.0
305,0.2,0.41,0.72,0.49000000000000005,0.76,4.0,3.0,5.0,2.0,5.0,3.0
306,0.2777777777777778,0.30000000000000004,0.6666666666666666,0.4,0.6555555555555556,4.0,4.0,4.0,3.0,5.0,2.0
307,0.3230769230769231,0.24615384615384617,0.6230769230769231,0.37692307692307697,0.6384615384615385,5.0,5.0,5.0,2.0,4.0,2.0
308,0.12307692307692308,0.16923076923076924,0.4076923076923077,0.3076923076923077,0.7923076923076924,3.5,4.0,3.0,1.0,4.0,3.0
309,0.25,0.3375,0.675,0.4375,0.6,5.0,5.0,5.0,4.0,5.0,1.0
310,0.09090909090909091,0.36363636363636365,0.6363636363636364,0.4636363636363636,0.8363636363636364,3.0,3.0,3.0,1.0,4.0,3.0
311,0.24,0.31,0.69,0.41,0.74,3.5,4.0,3.0,2.0,4.0,2.0
312,0.21538461538461537,0.1076923076923077,0.34615384615384615,0.15384615384615385,0.6230769230769231,4.0,4.0,4.0,3.0,5.0,2.0
313,0.16666666666666666,0.3222222222222222,0.7333333333333333,0.4666666666666667,0.8,5.0,5.0,5.0,1.0,4.0,3.0
314,0.17777777777777778,0.4222222222222222,0.7111111111111111,0.5,0.8,4.0,4.0,4.0,2.0,4.0,2.0
315,0.20833333333333334,0.3416666666666666,0.6833333333333332,0.43333333333333335,0.75,5.0,5.0,5.0,1.0,4.0,3.0
316,0.08750000000000001,0.3625,0.6375,0.39999999999999997,0.8625,4.0,4.0,4.0,1.0,3.0,2.0
318,0.2285714285714286,0.3285714285714286,0.65,0.42857142857142855,0.7428571428571429,4.5,4.0,5.0,1.0,2.0,1.0
319,0.1125,0.33749999999999997,0.66875,0.44375,0.85,4.0,4.0,4.0,1.0,4.0,3.0
320,0.27999999999999997,0.27,0.62,0.38,0.66,5.0,5.0,5.0,3.0,4.0,1.0
321,0.1,0.22999999999999998,0.52,0.35,0.8800000000000001,3.0,3.0,3.0,2.0,4.0,2.0
322,0.27058823529411763,0.27647058823529413,0.611764705882353,0.35294117647058826,0.6823529411764706,5.0,5.0,5.0,1.0,2.0,1.0
323,0.17777777777777778,0.1888888888888889,0.5777777777777778,0.25555555555555554,0.7666666666666667,4.0,4.0,4.0,2.0,4.0,2.0
324,0.1375,0.38749999999999996,0.725,0.44999999999999996,0.825,3.5,4.0,3.0,3.0,5.0,2.0
325,0.1142857142857143,0.19999999999999998,0.5857142857142856,0.2857142857142857,0.8714285714285713,5.0,5.0,5.0,1.0,4.0,3.0
326,0.12000000000000001,0.37999999999999995,0.6666666666666666,0.4066666666666666,0.8,5.0,5.0,5.0,2.0,4.0,2.0
328,0.11818181818181818,0.2,0.45454545454545453,0.24545454545454548,0.6636363636363636,4.0,4.0,4.0,1.0,3.0,2.0
329,0.2222222222222222,0.34444444444444444,0.6222222222222222,0.43333333333333335,0.7222222222222222,5.0,5.0,5.0,2.0,5.0,3.0
330,0.21666666666666667,0.24166666666666667,0.625,0.31666666666666665,0.75,5.0,5.0,5.0,1.0,5.0,4.0
331,0.1,0.2636363636363636,0.6545454545454545,0.34545454545454546,0.8272727272727273,5.0,5.0,5.0,1.0,5.0,4.0
333,0.09,0.31,0.5,0.36,0.8800000000000001,5.0,5.0,5.0,1.0,5.0,4.0
334,0.2125,0.2375,0.6,0.325,0.8,5.0,5.0,5.0,1.0,2.0,1.0
335,0.1,0.32727272727272727,0.6090909090909091,0.4818181818181818,0.8727272727272727,5.0,5.0,5.0,1.0,4.0,3.0
336,0.1,0.38,0.67,0.48999999999999994,0.86,3.5,3.0,4.0,2.0,3.0,1.0
337,0.09999999999999999,0.17857142857142858,0.2857142857142857,0.27142857142857146,0.85,3.5,3.0,4.0,2.0,4.0,2.0
338,0.18,0.24,0.6599999999999999,0.38,0.78,4.0,4.0,4.0,1.0,3.0,2.0
339,0.09999999999999999,0.4166666666666667,0.65,0.5083333333333333,0.85,5.0,5.0,5.0,2.0,4.0,2.0
340,0.1,0.3466666666666667,0.64,0.4066666666666666,0.8333333333333334,5.0,5.0,5.0,2.0,5.0,3.0
341,0.1,0.3076923076923077,0.5769230769230769,0.41538461538461535,0.8846153846153846,4.0,4.0,4.0,1.0,4.0,3.0
342,0.1142857142857143,0.5571428571428572,0.7071428571428572,0.6,0.8214285714285714,3.0,3.0,3.0,2.0,5.0,3.0
343,0.12666666666666668,0.41333333333333333,0.7133333333333333,0.48666666666666664,0.8333333333333334,4.0,4.0,4.0,2.0,4.0,2.0
344,0.1272727272727273,0.5272727272727272,0.7636363636363637,0.6454545454545454,0.8272727272727273,4.5,4.0,5.0,3.0,5.0,2.0
345,0.2090909090909091,0.2636363636363636,0.5454545454545454,0.33636363636363636,0.7181818181818183,3.5,3.0,4.0,1.0,3.0,2.0
346,0.13999999999999999,0.38,0.6599999999999999,0.45,0.82,3.0,3.0,3.0,2.0,4.0,2.0
347,0.1,0.3111111111111111,0.6333333333333333,0.3888888888888889,0.8444444444444446,4.0,4.0,4.0,1.0,4.0,3.0
348,0.17500000000000002,0.35833333333333334,0.65,0.44999999999999996,0.7333333333333334,5.0,5.0,5.0,2.0,4.0,2.0
349,0.07857142857142858,0.32142857142857145,0.5285714285714286,0.4714285714285714,0.8071428571428572,5.0,5.0,5.0,2.0,4.0,2.0
350,0.32,0.2,0.45,0.3,0.53,5.0,5.0,5.0,2.0,5.0,3.0
351,0.17777777777777776,0.08888888888888889,0.37777777777777777,0.13333333333333333,0.8111111111111111,4.5,5.0,4.0,3.0,4.0,1.0
352,0.17777777777777778,0.3222222222222222,0.6777777777777777,0.4222222222222222,0.7666666666666667,5.0,5.0,5.0,1.0,4.0,3.0
353,0.19230769230769232,0.3384615384615385,0.7,0.4230769230769231,0.7846153846153846,5.0,5.0,5.0,3.0,5.0,2.0
354,0.1111111111111111,0.3111111111111111,0.5888888888888889,0.3555555555555555,0.8666666666666667,4.0,4.0,4.0,1.0,4.0,3.0
355,0.19166666666666665,0.3416666666666666,0.6416666666666667,0.44166666666666665,0.7416666666666667,4.5,4.0,5.0,2.0,4.0,2.0
356,0.12307692307692308,0.31923076923076926,0.5884615384615384,0.4115384615384615,0.7923076923076924,5.0,5.0,5.0,4.0,5.0,1.0
357,0.15,0.35,0.7,0.45,0.825,5.0,5.0,5.0,1.0,4.0,3.0
358,0.13,0.31999999999999995,0.61,0.43,0.8300000000000001,5.0,5.0,5.0,1.0,2.0,1.0
359,0.1285714285714286,0.32142857142857145,0.6285714285714287,0.41428571428571426,0.8285714285714285,5.0,5.0,5.0,1.0,3.0,2.0
360,0.17058823529411765,0.20588235294117646,0.3764705882352941,0.31764705882352945,0.7647058823529411,4.0,4.0,4.0,2.0,4.0,2.0
361,0.21111111111111114,0.3222222222222222,0.5777777777777778,0.43333333333333335,0.6888888888888889,5.0,5.0,5.0,1.0,5.0,4.0
362,0.09166666666666667,0.30833333333333335,0.525,0.4166666666666667,0.8416666666666667,3.5,4.0,3.0,1.0,3.0,2.0
363,0.08,0.39,0.58,0.48,0.9099999999999999,5.0,5.0,5.0,3.0,5.0,2.0
364,0.16999999999999998,0.215,0.5,0.275,0.765,5.0,5.0,5.0,1.0,4.0,3.0
365,0.15,0.39999999999999997,0.6166666666666666,0.47500000000000003,0.7999999999999999,5.0,5.0,5.0,1.0,4.0,3.0
367,0.15,0.2625,0.6,0.35,0.8125,5.0,5.0,5.0,2.0,4.0,2.0
368,0.2125,0.24375,0.63125,0.375,0.775,5.0,5.0,5.0,2.0,4.0,2.0
369,0.2,0.3125,0.6124999999999999,0.375,0.75,4.0,4.0,4.0,1.0,3.0,2.0
370,0.3090909090909091,0.2727272727272727,0.6363636363636364,0.41818181818181815,0.6727272727272727,5.0,5.0,5.0,2.0,4.0,2.0
371,0.1625,0.3,0.5875,0.36875,0.7937500000000001,5.0,5.0,5.0,2.0,4.0,2.0
372,0.15,0.1,0.31875,0.16875,0.85625,5.0,5.0,5.0,2.0,3.0,1.0
373,0.2,0.35,0.6799999999999999,0.45,0.79,5.0,5.0,5.0,1.0,5.0,4.0
374,0.19,0.24,0.5599999999999999,0.36,0.76,5.0,5.0,5.0,2.0,4.0,2.0
375,0.1,0.4888888888888888,0.6555555555555556,0.5777777777777778,0.8333333333333334,4.5,4.0,5.0,1.0,4.0,3.0
376,0.17272727272727273,0.45454545454545453,0.7454545454545454,0.5181818181818181,0.7545454545454546,5.0,5.0,5.0,2.0,5.0,3.0
378,0.11818181818181818,0.4727272727272727,0.7000000000000001,0.5545454545454546,0.8363636363636363,4.0,4.0,4.0,1.0,4.0,3.0
379,0.16923076923076924,0.4538461538461538,0.7153846153846154,0.5230769230769231,0.7615384615384616,5.0,5.0,5.0,2.0,5.0,3.0
380,0.14444444444444446,0.3333333333333333,0.7444444444444445,0.4555555555555555,0.8333333333333334,5.0,5.0,5.0,3.0,5.0,2.0
381,0.09090909090909091,0.4454545454545455,0.6545454545454545,0.45454545454545453,0.8727272727272727,5.0,5.0,5.0,4.0,5.0,1.0
382,0.16999999999999998,0.26999999999999996,0.62,0.36,0.8,4.0,4.0,4.0,1.0,3.0,2.0
383,0.31,0.43,0.71,0.5599999999999999,0.6599999999999999,5.0,5.0,5.0,3.0,5.0,2.0
384,0.13333333333333333,0.3888888888888889,0.6222222222222222,0.46666666666666656,0.7,4.0,4.0,4.0,4.0,5.0,1.0
385,0.14545454545454548,0.33636363636363636,0.6727272727272727,0.4454545454545455,0.8,4.5,5.0,4.0,1.0,3.0,2.0
387,0.17058823529411765,0.31764705882352945,0.5941176470588235,0.4117647058823529,0.776470588235294,3.0,3.0,3.0,2.0,4.0,2.0
388,0.11666666666666668,0.2333333333333333,0.6416666666666666,0.325,0.8250000000000001,5.0,5.0,5.0,1.0,4.0,3.0
389,0.13333333333333333,0.2888888888888889,0.6111111111111112,0.36666666666666664,0.7888888888888889,4.0,4.0,4.0,1.0,5.0,4.0
390,0.12142857142857143,0.27142857142857146,0.4857142857142857,0.35714285714285715,0.7571428571428571,4.5,4.0,5.0,1.0,3.0,2.0
391,0.18,0.31,0.64,0.42000000000000004,0.76,4.5,4.0,5.0,1.0,3.0,2.0
392,0.27692307692307694,0.1846153846153846,0.5230769230769231,0.3153846153846154,0.6615384615384615,5.0,5.0,5.0,2.0,4.0,2.0
393,0.1,0.26153846153846155,0.6538461538461539,0.3538461538461538,0.8846153846153846,4.0,4.0,4.0,1.0,3.0,2.0
394,0.14444444444444446,0.34444444444444444,0.7555555555555555,0.4555555555555555,0.8222222222222223,4.0,3.0,5.0,1.0,3.0,2.0
395,0.22999999999999998,0.3,0.58,0.37,0.72,5.0,5.0,5.0,3.0,4.0,1.0
396,0.2,0.3125,0.6125,0.375,0.7625000000000001,5.0,5.0,5.0,3.0,5.0,2.0
397,0.18181818181818182,0.45454545454545453,0.6909090909090909,0.5636363636363636,0.7454545454545454,5.0,5.0,5.0,2.0,5.0,3.0
398,0.05,0.13999999999999999,0.4,0.24,0.9,4.0,3.0,5.0,2.0,4.0,2.0
399,0.08,0.35,0.5399999999999999,0.41,0.86,5.0,5.0,5.0,3.0,5.0,2.0
400,0.15,0.21250000000000002,0.625,0.35,0.8125,5.0,5.0,5.0,1.0,5.0,4.0
401,0.14166666666666666,0.3666666666666667,0.6083333333333333,0.5166666666666667,0.8083333333333332,5.0,5.0,5.0,2.0,4.0,2.0
402,0.10833333333333334,0.3666666666666667,0.6749999999999999,0.45,0.8083333333333335,5.0,5.0,5.0,3.0,5.0,2.0
403,0.23333333333333334,0.36666666666666664,0.6444444444444444,0.43333333333333335,0.7111111111111111,3.0,3.0,3.0,1.0,3.0,2.0
404,0.125,0.36666666666666664,0.6,0.45,0.7833333333333333,4.0,4.0,4.0,1.0,3.0,2.0
405,0.16,0.33999999999999997,0.61,0.4,0.82,5.0,5.0,5.0,1.0,2.0,1.0
406,0.12307692307692308,0.38461538461538464,0.6538461538461539,0.4538461538461539,0.8153846153846154,5.0,5.0,5.0,1.0,2.0,1.0
407,0.31764705882352945,0.27647058823529413,0.48235294117647054,0.3588235294117647,0.6235294117647059,5.0,5.0,5.0,2.0,5.0,3.0
408,0.10000000000000002,0.35833333333333334,0.6416666666666667,0.43333333333333335,0.8083333333333332,5.0,5.0,5.0,3.0,5.0,2.0
409,0.09090909090909091,0.34545454545454546,0.5818181818181818,0.43636363636363634,0.8,4.5,4.0,5.0,1.0,3.0,2.0
410,0.21818181818181817,0.2090909090909091,0.5909090909090909,0.30909090909090914,0.7090909090909091,4.5,4.0,5.0,1.0,4.0,3.0
411,0.13636363636363635,0.3090909090909091,0.5181818181818182,0.3909090909090909,0.8272727272727273,5.0,5.0,5.0,1.0,4.0,3.0
412,0.17,0.29,0.6799999999999999,0.45,0.78,4.5,5.0,4.0,1.0,4.0,3.0
413,0.13333333333333333,0.26666666666666666,0.6000000000000001,0.4,0.8222222222222223,5.0,5.0,5.0,2.0,3.0,1.0
415,0.08750000000000001,0.26875,0.51875,0.35625,0.7875,5.0,5.0,5.0,2.0,5.0,3.0
416,0.18181818181818182,0.2545454545454545,0.6454545454545454,0.3727272727272727,0.7727272727272727,5.0,5.0,5.0,3.0,5.0,2.0
418,0.14545454545454548,0.2727272727272727,0.6545454545454545,0.32727272727272727,0.8090909090909091,5.0,5.0,5.0,1.0,4.0,3.0
419,0.11666666666666668,0.21666666666666667,0.5666666666666667,0.3,0.7916666666666666,4.0,4.0,4.0,1.0,4.0,3.0
420,0.1111111111111111,0.43333333333333335,0.6333333333333333,0.47777777777777775,0.8555555555555556,5.0,5.0,5.0,2.0,4.0,2.0
421,0.27999999999999997,0.19,0.53,0.26,0.7,3.5,4.0,3.0,1.0,4.0,3.0
422,0.16666666666666666,0.4222222222222222,0.6444444444444444,0.4555555555555555,0.7555555555555555,5.0,5.0,5.0,1.0,5.0,4.0
423,0.15,0.225,0.65,0.3333333333333333,0.8166666666666668,4.5,5.0,4.0,4.0,5.0,1.0
424,0.22307692307692306,0.2692307692307692,0.6384615384615384,0.36153846153846153,0.7307692307692307,5.0,5.0,5.0,2.0,3.0,1.0
425,0.08000000000000002,0.24666666666666667,0.48666666666666664,0.33999999999999997,0.8666666666666667,4.0,4.0,4.0,2.0,4.0,2.0
426,0.14285714285714285,0.2642857142857143,0.5785714285714285,0.35000000000000003,0.7999999999999999,5.0,5.0,5.0,1.0,3.0,2.0
427,0.21818181818181817,0.3272727272727272,0.6454545454545454,0.43636363636363634,0.7818181818181817,5.0,5.0,5.0,2.0,4.0,2.0
428,0.1,0.45,0.6900000000000001,0.45999999999999996,0.8400000000000001,5.0,5.0,5.0,4.0,5.0,1.0
429,0.25,0.265,0.525,0.33,0.605,5.0,5.0,5.0,2.0,3.0,1.0
430,0.21000000000000002,0.41,0.71,0.52,0.78,5.0,5.0,5.0,4.0,5.0,1.0
431,0.2,0.375,0.6124999999999999,0.44999999999999996,0.7875,3.0,3.0,3.0,2.0,5.0,3.0
432,0.15555555555555556,0.2777777777777778,0.5277777777777778,0.36666666666666664,0.7944444444444445,4.0,4.0,4.0,2.0,4.0,2.0
435,0.10909090909090911,0.3090909090909091,0.5818181818181818,0.3909090909090909,0.7272727272727273,4.5,4.0,5.0,3.0,5.0,2.0
436,0.07777777777777778,0.26666666666666666,0.5555555555555556,0.37777777777777777,0.8555555555555556,4.0,5.0,3.0,4.0,5.0,1.0
437,0.1375,0.5,0.65,0.5625,0.8375,5.0,5.0,5.0,3.0,4.0,1.0
438,0.3181818181818182,0.3727272727272727,0.7545454545454546,0.5,0.6636363636363636,5.0,5.0,5.0,3.0,4.0,1.0
439,0.36,0.29,0.61,0.38,0.6,5.0,5.0,5.0,4.0,5.0,1.0
441,0.24666666666666667,0.2533333333333333,0.6066666666666667,0.36666666666666664,0.7,5.0,5.0,5.0,3.0,5.0,2.0
442,0.25625,0.33125,0.6437499999999999,0.425,0.7,4.0,4.0,4.0,1.0,5.0,4.0
444,0.23846153846153847,0.34615384615384615,0.6923076923076923,0.46923076923076923,0.7153846153846154,4.5,5.0,4.0,2.0,4.0,2.0
445,0.2,0.23846153846153847,0.5846153846153845,0.34615384615384615,0.7384615384615384,5.0,5.0,5.0,4.0,5.0,1.0
446,0.13636363636363635,0.29090909090909095,0.6636363636363636,0.39999999999999997,0.8727272727272727,5.0,5.0,5.0,3.0,4.0,1.0
447,0.2222222222222222,0.3222222222222222,0.6555555555555556,0.4555555555555555,0.7222222222222222,5.0,5.0,5.0,4.0,5.0,1.0
448,0.15,0.4,0.7,0.49000000000000005,0.79,4.0,3.0,5.0,2.0,5.0,3.0
449,0.125,0.2625,0.6625,0.375,0.7875,5.0,5.0,5.0,4.0,5.0,1.0
450,0.15,0.18,0.43,0.26,0.72,3.0,3.0,3.0,2.0,4.0,2.0
452,0.15,0.30833333333333335,0.6916666666666668,0.4166666666666667,0.8166666666666668,5.0,5.0,5.0,3.0,5.0,2.0
454,0.08461538461538462,0.3,0.5615384615384615,0.37692307692307697,0.8615384615384615,5.0,5.0,5.0,1.0,3.0,2.0
455,0.11666666666666665,0.4083333333333334,0.6833333333333332,0.5083333333333333,0.7833333333333333,5.0,5.0,5.0,4.0,5.0,1.0
456,0.22999999999999998,0.32,0.5599999999999999,0.41,0.72,4.5,4.0,5.0,1.0,3.0,2.0
457,0.2772727272727273,0.2727272727272727,0.6,0.33636363636363636,0.6727272727272727,3.0,2.0,4.0,2.0,5.0,3.0
458,0.22999999999999998,0.26,0.63,0.39,0.71,5.0,5.0,5.0,2.0,4.0,2.0
460,0.20909090909090908,0.15454545454545454,0.5454545454545454,0.2818181818181818,0.8,4.0,4.0,4.0,2.0,3.0,1.0
461,0.15,0.32,0.64,0.42000000000000004,0.8099999999999999,5.0,5.0,5.0,2.0,4.0,2.0
462,0.1,0.33999999999999997,0.61,0.43999999999999995,0.86,5.0,5.0,5.0,1.0,4.0,3.0
463,0.10833333333333334,0.35833333333333334,0.575,0.4166666666666667,0.8166666666666668,3.5,3.0,4.0,1.0,3.0,2.0
464,0.2,0.22727272727272727,0.6909090909090909,0.35454545454545455,0.7727272727272727,4.5,4.0,5.0,1.0,4.0,3.0
465,0.16,0.3,0.53,0.36,0.78,4.0,5.0,3.0,1.0,5.0,4.0
466,0.1076923076923077,0.27692307692307694,0.6615384615384615,0.3923076923076923,0.823076923076923,3.0,3.0,3.0,2.0,5.0,3.0
467,0.13333333333333333,0.3333333333333333,0.6933333333333334,0.44,0.8333333333333334,5.0,5.0,5.0,2.0,5.0,3.0
469,0.08125,0.28125,0.41875,0.34375,0.8375,4.0,4.0,4.0,2.0,4.0,2.0
470,0.1125,0.325,0.6,0.4125,0.8375,4.0,3.0,5.0,4.0,5.0,1.0
471,0.15,0.39,0.62,0.45,0.8,5.0,5.0,5.0,3.0,5.0,2.0
474,0.18333333333333335,0.27499999999999997,0.44999999999999996,0.325,0.6083333333333333,5.0,5.0,5.0,4.0,5.0,1.0
475,0.2,0.28,0.61,0.38,0.73,4.0,4.0,4.0,1.0,4.0,3.0
476,0.14545454545454548,0.3,0.6818181818181818,0.4090909090909091,0.8363636363636363,4.5,4.0,5.0,2.0,4.0,2.0
477,0.09,0.27,0.64,0.39,0.8300000000000001,5.0,5.0,5.0,2.0,3.0,1.0
478,0.3133333333333333,0.16,0.46,0.26666666666666666,0.6466666666666666,5.0,5.0,5.0,2.0,3.0,1.0
480,0.08750000000000001,0.4125,0.5875,0.4875,0.8500000000000001,5.0,5.0,5.0,3.0,5.0,2.0
481,0.3111111111111111,0.2777777777777778,0.6333333333333333,0.4222222222222222,0.6666666666666666,5.0,5.0,5.0,1.0,3.0,2.0
482,0.1,0.24444444444444446,0.5333333333333333,0.3111111111111111,0.8555555555555556,5.0,5.0,5.0,3.0,4.0,1.0
483,0.1,0.37,0.64,0.47000000000000003,0.8300000000000001,3.0,4.0,2.0,1.0,4.0,3.0
484,0.11818181818181818,0.36363636363636365,0.6636363636363636,0.43636363636363634,0.7818181818181817,4.0,4.0,4.0,2.0,4.0,2.0
485,0.1111111111111111,0.2888888888888889,0.5666666666666667,0.35555555555555557,0.8555555555555556,5.0,5.0,5.0,1.0,3.0,2.0
486,0.34444444444444444,0.2222222222222222,0.6777777777777777,0.37777777777777777,0.5777777777777778,5.0,5.0,5.0,2.0,4.0,2.0
487,0.27999999999999997,0.29,0.63,0.4,0.67,4.5,4.0,5.0,2.0,5.0,3.0
488,0.11499999999999999,0.16499999999999998,0.425,0.25,0.805,4.0,4.0,4.0,1.0,4.0,3.0
489,0.24615384615384617,0.4461538461538461,0.676923076923077,0.4923076923076923,0.6692307692307692,5.0,5.0,5.0,1.0,5.0,4.0
490,0.15555555555555556,0.36666666666666664,0.6555555555555556,0.5222222222222223,0.8111111111111111,5.0,5.0,5.0,4.0,5.0,1.0
491,0.27999999999999997,0.35,0.5900000000000001,0.45,0.65,4.0,4.0,4.0,2.0,4.0,2.0
492,0.12727272727272726,0.2545454545454546,0.6,0.38181818181818183,0.8181818181818182,4.0,4.0,4.0,2.0,4.0,2.0
493,0.12222222222222223,0.3444444444444444,0.7,0.4444444444444444,0.8111111111111111,5.0,5.0,5.0,3.0,4.0,1.0
495,0.2285714285714286,0.2285714285714286,0.6142857142857142,0.34285714285714286,0.7142857142857143,5.0,5.0,5.0,1.0,4.0,3.0
496,0.21111111111111114,0.08888888888888889,0.36666666666666664,0.13333333333333333,0.7555555555555555,3.5,4.0,3.0,2.0,5.0,3.0
497,0.13,0.35,0.6,0.45,0.82,4.0,4.0,4.0,1.0,3.0,2.0
499,0.14545454545454548,0.2727272727272727,0.5727272727272728,0.41818181818181815,0.8454545454545456,5.0,5.0,5.0,3.0,5.0,2.0
500,0.09545454545454546,0.4,0.6727272727272727,0.4636363636363636,0.7545454545454546,5.0,5.0,5.0,1.0,5.0,4.0
501,0.09,0.31,0.5,0.4,0.8300000000000001,3.5,3.0,4.0,2.0,5.0,3.0
502,0.15384615384615385,0.3076923076923077,0.6307692307692307,0.4,0.7384615384615384,5.0,5.0,5.0,4.0,5.0,1.0
503,0.13076923076923078,0.3538461538461538,0.7153846153846154,0.5,0.8615384615384616,5.0,5.0,5.0,2.0,4.0,2.0
504,0.16666666666666666,0.31666666666666665,0.6666666666666666,0.39999999999999997,0.775,5.0,5.0,5.0,2.0,5.0,3.0
505,0.08888888888888889,0.4,0.6333333333333333,0.4555555555555555,0.8555555555555556,5.0,5.0,5.0,4.0,5.0,1.0
506,0.15454545454545454,0.32727272727272727,0.6363636363636364,0.38181818181818183,0.8,5.0,5.0,5.0,1.0,4.0,3.0
507,0.2,0.45454545454545453,0.6454545454545454,0.5545454545454546,0.7545454545454546,4.5,4.0,5.0,1.0,3.0,2.0
508,0.20833333333333334,0.17500000000000002,0.3666666666666667,0.25,0.7166666666666667,5.0,5.0,5.0,4.0,5.0,1.0
509,0.16666666666666666,0.20833333333333334,0.5166666666666666,0.3083333333333333,0.7999999999999999,5.0,5.0,5.0,1.0,5.0,4.0
510,0.19166666666666665,0.20833333333333334,0.6416666666666666,0.2833333333333333,0.7666666666666666,5.0,5.0,5.0,1.0,2.0,1.0
511,0.325,0.24166666666666667,0.6416666666666667,0.39999999999999997,0.6749999999999999,5.0,5.0,5.0,2.0,4.0,2.0
512,0.14444444444444446,0.23333333333333334,0.5777777777777777,0.34444444444444444,0.8555555555555556,5.0,5.0,5.0,3.0,4.0,1.0
513,0.24,0.35,0.6799999999999999,0.45999999999999996,0.75,5.0,5.0,5.0,2.0,3.0,1.0
514,0.13333333333333333,0.5,0.7333333333333333,0.5777777777777778,0.8666666666666667,5.0,5.0,5.0,1.0,3.0,2.0
515,0.3909090909090909,0.3090909090909091,0.6,0.38181818181818183,0.5181818181818182,5.0,5.0,5.0,1.0,4.0,3.0
516,0.09,0.33,0.58,0.39,0.8699999999999999,5.0,5.0,5.0,1.0,3.0,2.0
517,0.08750000000000001,0.2625,0.675,0.3625,0.875,3.5,4.0,3.0,2.0,4.0,2.0
518,0.125,0.4,0.65,0.4625,0.8125,5.0,5.0,5.0,3.0,4.0,1.0
520,0.08333333333333333,0.31666666666666665,0.5416666666666666,0.39166666666666666,0.8583333333333334,4.5,4.0,5.0,3.0,5.0,2.0
521,0.10909090909090909,0.3090909090909091,0.5818181818181818,0.4272727272727273,0.8272727272727273,5.0,5.0,5.0,4.0,5.0,1.0
522,0.1611111111111111,0.43333333333333335,0.6944444444444444,0.5055555555555555,0.8,5.0,5.0,5.0,3.0,4.0,1.0
523,0.10500000000000001,0.35,0.615,0.425,0.865,5.0,5.0,5.0,4.0,5.0,1.0
524,0.15,0.275,0.7125,0.3375,0.8375,4.5,5.0,4.0,2.0,5.0,3.0
525,0.11000000000000001,0.35,0.57,0.45999999999999996,0.8400000000000001,5.0,5.0,5.0,4.0,5.0,1.0
526,0.13636363636363635,0.3181818181818182,0.6,0.3909090909090909,0.7181818181818183,3.5,4.0,3.0,1.0,2.0,1.0
528,0.125,0.3833333333333333,0.6666666666666666,0.47500000000000003,0.8250000000000001,5.0,5.0,5.0,1.0,3.0,2.0
529,0.1,0.42,0.6266666666666667,0.4933333333333333,0.8066666666666666,5.0,5.0,5.0,2.0,4.0,2.0
530,0.15625,0.16875,0.6,0.25,0.7625000000000001,4.5,4.0,5.0,2.0,3.0,1.0
531,0.1,0.39375,0.6749999999999999,0.48125,0.8625,4.0,4.0,4.0,2.0,4.0,2.0
532,0.25833333333333336,0.325,0.6833333333333332,0.3833333333333333,0.6916666666666668,4.0,4.0,4.0,1.0,4.0,3.0
533,0.18888888888888888,0.3,0.5666666666666667,0.37777777777777777,0.6777777777777777,5.0,5.0,5.0,1.0,4.0,3.0
534,0.10909090909090911,0.32727272727272727,0.6818181818181818,0.43636363636363634,0.8545454545454546,4.0,4.0,4.0,1.0,3.0,2.0
535,0.13076923076923078,0.26153846153846155,0.5769230769230769,0.38461538461538464,0.8153846153846154,5.0,5.0,5.0,4.0,5.0,1.0
536,0.125,0.3416666666666666,0.6666666666666666,0.44999999999999996,0.8583333333333334,3.0,3.0,3.0,3.0,5.0,2.0
537,0.075,0.19999999999999998,0.4083333333333334,0.3,0.8666666666666667,5.0,5.0,5.0,4.0,5.0,1.0
538,0.13636363636363635,0.21818181818181817,0.6181818181818182,0.3,0.8090909090909091,4.5,4.0,5.0,2.0,5.0,3.0
539,0.08333333333333333,0.13333333333333333,0.45,0.19166666666666665,0.7666666666666666,3.5,4.0,3.0,2.0,4.0,2.0
540,0.15555555555555556,0.2888888888888889,0.5777777777777778,0.41111111111111115,0.7777777777777778,4.5,4.0,5.0,2.0,4.0,2.0
541,0.10909090909090909,0.4454545454545454,0.5909090909090909,0.5545454545454546,0.8727272727272727,5.0,5.0,5.0,3.0,4.0,1.0
542,0.175,0.45,0.6375,0.5375,0.8,4.0,4.0,4.0,1.0,3.0,2.0
543,0.27,0.4,0.73,0.55,0.6900000000000001,4.5,4.0,5.0,2.0,4.0,2.0
544,0.0923076923076923,0.23846153846153847,0.6384615384615384,0.34615384615384615,0.8615384615384615,5.0,5.0,5.0,2.0,4.0,2.0
545,0.09411764705882353,0.35294117647058826,0.6352941176470588,0.4647058823529412,0.8588235294117648,5.0,5.0,5.0,1.0,3.0,2.0
546,0.13636363636363635,0.49090909090909085,0.7454545454545454,0.5545454545454546,0.8454545454545456,5.0,5.0,5.0,4.0,5.0,1.0
547,0.2888888888888889,0.3333333333333333,0.7222222222222222,0.4222222222222222,0.6777777777777778,3.5,3.0,4.0,2.0,5.0,3.0
549,0.10000000000000002,0.31666666666666665,0.6833333333333332,0.4166666666666667,0.8583333333333334,4.0,4.0,4.0,1.0,3.0,2.0
550,0.25384615384615383,0.1846153846153846,0.5,0.2846153846153846,0.6307692307692307,3.0,3.0,3.0,1.0,3.0,2.0
551,0.10909090909090911,0.4,0.6545454545454545,0.5,0.8454545454545456,5.0,5.0,5.0,4.0,5.0,1.0
552,0.12142857142857144,0.17857142857142858,0.3142857142857142,0.19285714285714287,0.6428571428571429,5.0,5.0,5.0,3.0,4.0,1.0
554,0.15555555555555556,0.13333333333333336,0.3888888888888889,0.2,0.7888888888888889,5.0,5.0,5.0,4.0,5.0,1.0
555,0.11000000000000001,0.21000000000000002,0.52,0.9199999999999999,0.89,3.5,4.0,3.0,3.0,4.0,1.0
556,0.1111111111111111,0.36666666666666664,0.711111111111111,0.4444444444444444,0.8,5.0,5.0,5.0,1.0,3.0,2.0
557,0.18,0.26999999999999996,0.51,0.37,0.75,5.0,5.0,5.0,2.0,4.0,2.0
559,0.10833333333333334,0.375,0.5666666666666667,0.44166666666666665,0.8333333333333334,5.0,5.0,5.0,3.0,5.0,2.0
560,0.12,0.36,0.58,0.45,0.8300000000000001,5.0,5.0,5.0,1.0,2.0,1.0
561,0.09,0.32,0.6599999999999999,0.43,0.85,5.0,5.0,5.0,3.0,5.0,2.0
562,0.2636363636363636,0.23636363636363636,0.5363636363636363,0.33636363636363636,0.6636363636363636,5.0,5.0,5.0,2.0,3.0,1.0
563,0.05454545454545456,0.14545454545454548,0.34545454545454546,0.22727272727272727,0.9090909090909091,4.0,4.0,4.0,2.0,4.0,2.0
564,0.13529411764705884,0.37058823529411766,0.6176470588235294,0.4411764705882353,0.7352941176470589,5.0,5.0,5.0,2.0,4.0,2.0
565,0.16666666666666666,0.3111111111111111,0.6333333333333333,0.43333333333333335,0.8,5.0,5.0,5.0,2.0,5.0,3.0
566,0.17142857142857143,0.24285714285714285,0.6285714285714287,0.34285714285714286,0.7999999999999999,5.0,5.0,5.0,1.0,3.0,2.0
567,0.09411764705882353,0.31764705882352945,0.6705882352941177,0.39999999999999997,0.8352941176470589,5.0,5.0,5.0,1.0,4.0,3.0
568,0.19166666666666665,0.43333333333333335,0.5833333333333334,0.5,0.75,5.0,5.0,5.0,1.0,3.0,2.0
569,0.3222222222222222,0.3222222222222222,0.6777777777777777,0.4222222222222222,0.6333333333333333,5.0,5.0,5.0,1.0,2.0,1.0
570,0.14444444444444446,0.2777777777777778,0.6333333333333333,0.4,0.8111111111111111,5.0,5.0,5.0,2.0,4.0,2.0
571,0.1,0.4230769230769231,0.6692307692307692,0.4846153846153846,0.8538461538461538,4.5,4.0,5.0,2.0,4.0,2.0
572,0.075,0.15,0.45,0.225,0.825,5.0,5.0,5.0,3.0,4.0,1.0
573,0.10769230769230768,0.24615384615384617,0.5692307692307692,0.3076923076923077,0.7538461538461539,2.5,3.0,2.0,1.0,4.0,3.0
574,0.2625,0.275,0.6375,0.3875,0.675,5.0,5.0,5.0,2.0,3.0,1.0
575,0.2,0.4272727272727273,0.6909090909090909,0.5363636363636363,0.7545454545454544,5.0,5.0,5.0,1.0,3.0,2.0
576,0.19,0.32,0.6900000000000001,0.45999999999999996,0.79,5.0,5.0,5.0,4.0,5.0,1.0
578,0.2333333333333333,0.31666666666666665,0.5499999999999999,0.4583333333333333,0.6833333333333332,5.0,5.0,5.0,4.0,5.0,1.0
579,0.15454545454545457,0.3090909090909091,0.5545454545454546,0.4,0.8090909090909091,5.0,5.0,5.0,2.0,3.0,1.0
580,0.05555555555555555,0.34444444444444444,0.5111111111111111,0.37777777777777777,0.9222222222222223,5.0,5.0,5.0,3.0,4.0,1.0
581,0.15555555555555556,0.3333333333333333,0.6777777777777777,0.4222222222222222,0.8111111111111111,5.0,5.0,5.0,4.0,5.0,1.0
582,0.2125,0.45,0.75,0.525,0.725,5.0,5.0,5.0,2.0,4.0,2.0
584,0.14615384615384613,0.3384615384615385,0.6307692307692307,0.3923076923076923,0.8153846153846154,5.0,5.0,5.0,4.0,5.0,1.0
585,0.15555555555555556,0.20555555555555557,0.5277777777777778,0.30000000000000004,0.7555555555555555,5.0,5.0,5.0,2.0,3.0,1.0
586,0.15,0.36,0.7,0.48,0.8,5.0,5.0,5.0,2.0,5.0,3.0
587,0.15000000000000002,0.26666666666666666,0.5833333333333334,0.3833333333333333,0.85,5.0,5.0,5.0,3.0,4.0,1.0
588,0.1142857142857143,0.15714285714285717,0.34285714285714286,0.2857142857142857,0.8142857142857143,5.0,5.0,5.0,2.0,5.0,3.0
589,0.17058823529411765,0.25882352941176473,0.5470588235294117,0.33529411764705885,0.788235294117647,4.0,4.0,4.0,2.0,4.0,2.0
590,0.14,0.32999999999999996,0.71,0.51,0.85,5.0,5.0,5.0,2.0,3.0,1.0
591,0.14,0.27999999999999997,0.73,0.43,0.8300000000000001,5.0,5.0,5.0,3.0,4.0,1.0
592,0.09090909090909091,0.3909090909090909,0.7090909090909091,0.5181818181818181,0.8727272727272727,4.5,4.0,5.0,1.0,4.0,3.0
594,0.13,0.32999999999999996,0.5599999999999999,0.39,0.8099999999999999,5.0,5.0,5.0,3.0,4.0,1.0
595,0.1142857142857143,0.21428571428571427,0.6428571428571429,0.35714285714285715,0.7999999999999999,5.0,5.0,5.0,2.0,3.0,1.0
596,0.19,0.27999999999999997,0.52,0.38,0.67,4.0,4.0,4.0,2.0,4.0,2.0
597,0.29,0.26,0.69,0.35,0.67,5.0,5.0,5.0,3.0,5.0,2.0
598,0.21818181818181817,0.14545454545454548,0.36363636363636365,0.21818181818181817,0.7000000000000001,3.5,3.0,4.0,2.0,4.0,2.0
600,0.15555555555555556,0.3333333333333333,0.7444444444444445,0.4222222222222222,0.8555555555555556,5.0,5.0,5.0,2.0,4.0,2.0
602,0.24444444444444446,0.2222222222222222,0.6777777777777777,0.3222222222222222,0.7555555555555555,5.0,5.0,5.0,2.0,4.0,2.0
604,0.14736842105263157,0.17894736842105263,0.3684210526315789,0.2157894736842105,0.7105263157894737,4.5,4.0,5.0,2.0,5.0,3.0
605,0.16,0.27,0.63,0.42000000000000004,0.78,5.0,5.0,5.0,2.0,4.0,2.0
606,0.12000000000000002,0.36,0.67,0.45,0.86,5.0,5.0,5.0,1.0,5.0,4.0
607,0.21818181818181817,0.36363636363636365,0.6545454545454544,0.4090909090909091,0.7272727272727273,4.0,4.0,4.0,1.0,3.0,2.0
608,0.11000000000000001,0.35,0.5900000000000001,0.43,0.8300000000000001,3.0,2.0,4.0,2.0,5.0,3.0
609,0.09000000000000001,0.42666666666666664,0.55,0.4633333333333333,0.7833333333333333,5.0,5.0,5.0,1.0,4.0,3.0
610,0.17777777777777778,0.15555555555555556,0.4666666666666667,0.26666666666666666,0.6222222222222222,2.5,3.0,2.0,1.0,5.0,4.0
612,0.2777777777777778,0.15555555555555556,0.5666666666666667,0.3111111111111111,0.6555555555555556,5.0,5.0,5.0,2.0,4.0,2.0
613,0.12,0.36,0.74,0.45,0.8099999999999999,5.0,5.0,5.0,1.0,3.0,2.0
614,0.14,0.27999999999999997,0.65,0.39,0.82,3.0,3.0,3.0,1.0,4.0,3.0
615,0.13125,0.1875,0.4875,0.29375,0.74375,5.0,5.0,5.0,1.0,4.0,3.0
616,0.15,0.37857142857142856,0.6285714285714287,0.4857142857142857,0.8071428571428572,5.0,5.0,5.0,2.0,3.0,1.0
617,0.16666666666666666,0.43333333333333335,0.7222222222222222,0.5111111111111111,0.8111111111111111,5.0,5.0,5.0,2.0,3.0,1.0
618,0.17500000000000002,0.2333333333333333,0.6666666666666666,0.375,0.775,5.0,5.0,5.0,2.0,5.0,3.0
619,0.13333333333333336,0.37777777777777777,0.711111111111111,0.4888888888888888,0.8444444444444446,3.0,3.0,3.0,2.0,5.0,3.0
620,0.09,0.215,0.385,0.30500000000000005,0.85,4.5,4.0,5.0,3.0,4.0,1.0
621,0.14545454545454548,0.5545454545454546,0.7545454545454546,0.6272727272727272,0.8272727272727273,4.5,4.0,5.0,3.0,5.0,2.0
622,0.2888888888888889,0.25555555555555554,0.5666666666666667,0.35555555555555557,0.6333333333333333,4.0,4.0,4.0,1.0,5.0,4.0
623,0.32,0.30999999999999994,0.75,0.43,0.6599999999999999,5.0,5.0,5.0,1.0,4.0,3.0
624,0.1,0.32,0.5933333333333334,0.41333333333333333,0.8466666666666668,5.0,5.0,5.0,1.0,2.0,1.0
625,0.20999999999999996,0.4,0.6799999999999999,0.47000000000000003,0.77,3.5,3.0,4.0,1.0,4.0,3.0
626,0.16666666666666666,0.2888888888888889,0.6555555555555556,0.41111111111111115,0.8111111111111111,5.0,5.0,5.0,1.0,4.0,3.0
627,0.13333333333333333,0.3888888888888889,0.6666666666666666,0.4666666666666667,0.8222222222222223,5.0,5.0,5.0,2.0,5.0,3.0
628,0.30000000000000004,0.23333333333333334,0.5222222222222223,0.34444444444444444,0.6333333333333333,3.0,3.0,3.0,2.0,5.0,3.0
629,0.27499999999999997,0.19999999999999998,0.5,0.26666666666666666,0.6416666666666667,5.0,5.0,5.0,1.0,3.0,2.0
630,0.13636363636363635,0.3181818181818182,0.6909090909090909,0.4454545454545455,0.8454545454545456,5.0,5.0,5.0,2.0,4.0,2.0
631,0.21250000000000002,0.3375,0.7124999999999999,0.425,0.7625,5.0,5.0,5.0,3.0,5.0,2.0
632,0.22000000000000003,0.32999999999999996,0.67,0.47000000000000003,0.7300000000000001,5.0,5.0,5.0,1.0,3.0,2.0
633,0.06000000000000001,0.25,0.53,0.39,0.9,4.0,4.0,4.0,1.0,5.0,4.0
634,0.17500000000000002,0.2833333333333333,0.49166666666666664,0.3416666666666666,0.7833333333333333,3.0,3.0,3.0,1.0,4.0,3.0
635,0.20909090909090908,0.14545454545454548,0.5636363636363636,0.23636363636363636,0.7000000000000001,3.5,3.0,4.0,2.0,5.0,3.0
636,0.13333333333333333,0.1,0.23333333333333328,0.14444444444444446,0.4555555555555555,4.0,4.0,4.0,2.0,5.0,3.0
637,0.2125,0.275,0.525,0.4875,0.7625,5.0,5.0,5.0,3.0,4.0,1.0
638,0.19090909090909092,0.29090909090909095,0.5909090909090909,0.4090909090909091,0.7818181818181817,5.0,5.0,5.0,3.0,4.0,1.0
639,0.1625,0.5,0.675,0.575,0.7625000000000001,5.0,5.0,5.0,3.0,5.0,2.0
640,0.11000000000000001,0.21000000000000002,0.5700000000000001,0.36,0.85,4.5,4.0,5.0,2.0,5.0,3.0
641,0.13529411764705884,0.46470588235294114,0.6882352941176471,0.5411764705882353,0.7941176470588235,4.0,4.0,4.0,1.0,4.0,3.0
642,0.17142857142857143,0.2357142857142857,0.5,0.2714285714285714,0.6857142857142857,3.5,3.0,4.0,2.0,4.0,2.0
643,0.1272727272727273,0.4818181818181818,0.7181818181818183,0.5545454545454546,0.8272727272727273,3.0,3.0,3.0,2.0,4.0,2.0
644,0.07500000000000001,0.375,0.6749999999999999,0.525,0.8625,4.5,4.0,5.0,3.0,5.0,2.0
645,0.15555555555555556,0.3333333333333333,0.6222222222222222,0.4444444444444444,0.8111111111111111,5.0,5.0,5.0,2.0,5.0,3.0
646,0.13333333333333333,0.25833333333333336,0.5833333333333334,0.35833333333333334,0.8416666666666667,5.0,5.0,5.0,3.0,4.0,1.0
647,0.16999999999999998,0.31,0.6599999999999999,0.45,0.82,4.0,4.0,4.0,2.0,5.0,3.0
648,0.1,0.43,0.6900000000000001,0.55,0.85,5.0,5.0,5.0,4.0,5.0,1.0
650,0.2,0.42000000000000004,0.7,0.48999999999999994,0.74,3.0,3.0,3.0,1.0,3.0,2.0
651,0.12,0.2,0.6199999999999999,0.3,0.8300000000000001,2.5,3.0,2.0,1.0,4.0,3.0
652,0.09999999999999999,0.10833333333333334,0.3333333333333333,0.15,0.85,3.0,3.0,3.0,1.0,4.0,3.0
653,0.18,0.38,0.6599999999999999,0.48999999999999994,0.78,5.0,5.0,5.0,4.0,5.0,1.0
654,0.1,0.2888888888888889,0.36666666666666664,0.36666666666666664,0.7111111111111111,5.0,5.0,5.0,1.0,2.0,1.0
655,0.18181818181818182,0.2636363636363636,0.6090909090909091,0.3909090909090909,0.7909090909090909,5.0,5.0,5.0,2.0,4.0,2.0
656,0.16666666666666666,0.29333333333333333,0.5666666666666667,0.37999999999999995,0.7866666666666667,5.0,5.0,5.0,2.0,3.0,1.0
657,0.12352941176470589,0.35294117647058826,0.6352941176470589,0.6823529411764706,0.8352941176470589,5.0,5.0,5.0,2.0,3.0,1.0
658,0.24615384615384617,0.14615384615384616,0.5230769230769231,0.24615384615384617,0.7307692307692307,3.5,4.0,3.0,3.0,4.0,1.0
659,0.18,0.37,0.6799999999999999,0.43999999999999995,0.77,5.0,5.0,5.0,2.0,4.0,2.0
660,0.125,0.39999999999999997,0.6166666666666667,0.5,0.8416666666666667,4.5,4.0,5.0,1.0,3.0,2.0
662,0.1,0.4846153846153846,0.7076923076923076,0.5769230769230769,0.8538461538461538,5.0,5.0,5.0,1.0,4.0,3.0
663,0.16363636363636364,0.2727272727272727,0.5818181818181819,0.36363636363636365,0.8272727272727273,5.0,5.0,5.0,1.0,3.0,2.0
664,0.27058823529411763,0.35294117647058826,0.7176470588235294,0.5058823529411764,0.6882352941176472,5.0,5.0,5.0,3.0,4.0,1.0
665,0.08181818181818182,0.2636363636363636,0.5545454545454546,0.3090909090909091,0.7818181818181817,4.5,5.0,4.0,2.0,4.0,2.0
666,0.14615384615384616,0.33076923076923076,0.47692307692307695,0.43846153846153846,0.7923076923076924,4.0,4.0,4.0,1.0,3.0,2.0
667,0.19,0.41,0.72,0.48,0.77,5.0,5.0,5.0,4.0,5.0,1.0
668,0.16,0.48,0.72,0.5399999999999999,0.79,5.0,5.0,5.0,2.0,5.0,3.0
669,0.13999999999999999,0.47000000000000003,0.73,0.5599999999999999,0.8400000000000001,5.0,5.0,5.0,3.0,4.0,1.0
670,0.05,0.09285714285714286,0.2285714285714286,0.12142857142857143,0.7285714285714285,3.0,3.0,3.0,1.0,4.0,3.0
671,0.1875,0.1375,0.4375,0.2,0.5625,4.0,4.0,4.0,2.0,4.0,2.0
672,0.20909090909090908,0.4454545454545455,0.7272727272727273,0.49090909090909096,0.7363636363636363,4.0,4.0,4.0,1.0,5.0,4.0
674,0.24,0.33999999999999997,0.6799999999999999,0.45999999999999996,0.71,5.0,5.0,5.0,3.0,5.0,2.0
675,0.09,0.26,0.45999999999999996,0.35,0.8400000000000001,4.5,5.0,4.0,4.0,5.0,1.0
676,0.15,0.3875,0.6375,0.5375,0.8,5.0,5.0,5.0,4.0,5.0,1.0
677,0.16,0.2,0.63,0.31,0.79,5.0,5.0,5.0,2.0,5.0,3.0
678,0.12307692307692308,0.4076923076923077,0.7461538461538461,0.5307692307692308,0.8461538461538461,5.0,5.0,5.0,4.0,5.0,1.0
679,0.15000000000000002,0.3125,0.575,0.36250000000000004,0.8125,4.0,4.0,4.0,2.0,5.0,3.0
680,0.1875,0.5375,0.7125,0.6125,0.8125,5.0,5.0,5.0,4.0,5.0,1.0
681,0.11000000000000001,0.30999999999999994,0.65,0.4,0.8400000000000001,5.0,5.0,5.0,2.0,3.0,1.0
683,0.375,0.3375,0.7,0.4875,0.625,5.0,5.0,5.0,3.0,4.0,1.0
684,0.14444444444444446,0.15555555555555556,0.6888888888888889,0.25555555555555554,0.8222222222222223,5.0,5.0,5.0,1.0,5.0,4.0
685,0.1,0.4222222222222222,0.7222222222222222,0.5222222222222223,0.8555555555555556,4.0,4.0,4.0,3.0,5.0,2.0
686,0.09166666666666667,0.35833333333333334,0.6749999999999999,0.4666666666666666,0.8916666666666667,5.0,5.0,5.0,2.0,4.0,2.0
687,0.21111111111111114,0.4555555555555555,0.7333333333333333,0.5,0.7444444444444445,4.5,4.0,5.0,1.0,4.0,3.0
688,0.1888888888888889,0.4111111111111111,0.7333333333333334,0.5,0.7666666666666667,4.0,4.0,4.0,2.0,4.0,2.0
689,0.175,0.4875,0.775,0.575,0.825,5.0,5.0,5.0,3.0,4.0,1.0
690,0.32222222222222224,0.34444444444444444,0.6222222222222222,0.4666666666666667,0.6222222222222222,5.0,5.0,5.0,4.0,5.0,1.0
691,0.16,0.31,0.5700000000000001,0.4,0.75,4.5,4.0,5.0,3.0,4.0,1.0
692,0.09,0.36,0.65,0.42000000000000004,0.8400000000000001,5.0,5.0,5.0,3.0,5.0,2.0
693,0.1,0.29,0.54,0.38,0.8699999999999999,4.0,4.0,4.0,1.0,4.0,3.0
694,0.20909090909090908,0.15454545454545457,0.5272727272727272,0.2818181818181818,0.7181818181818183,5.0,5.0,5.0,2.0,5.0,3.0
695,0.125,0.175,0.45,0.25,0.8375,5.0,5.0,5.0,2.0,4.0,2.0
696,0.12000000000000001,0.41333333333333333,0.6199999999999999,0.5066666666666666,0.8333333333333334,4.0,4.0,4.0,2.0,4.0,2.0
697,0.2,0.3090909090909091,0.6363636363636364,0.4090909090909091,0.7363636363636363,5.0,5.0,5.0,2.0,4.0,2.0
698,0.1272727272727273,0.3727272727272727,0.6909090909090909,0.49090909090909096,0.8454545454545456,5.0,5.0,5.0,4.0,5.0,1.0
701,0.16216216216216217,0.372972972972973,0.6162162162162163,0.4594594594594595,0.7783783783783784,5.0,5.0,5.0,2.0,5.0,3.0
702,0.19999999999999998,0.35000000000000003,0.6749999999999999,0.4583333333333333,0.7333333333333334,4.5,4.0,5.0,1.0,4.0,3.0
705,0.2,0.2,0.6666666666666666,0.30000000000000004,0.7777777777777778,3.0,3.0,3.0,2.0,5.0,3.0
707,0.25,0.29,0.61,0.41,0.74,4.0,4.0,4.0,1.0,4.0,3.0
708,0.1,0.3888888888888889,0.6333333333333333,0.5111111111111111,0.8444444444444446,5.0,5.0,5.0,4.0,5.0,1.0
709,0.24615384615384617,0.12307692307692308,0.3538461538461538,0.169230771,0.5692307692307692,3.5,3.0,4.0,1.0,3.0,2.0
710,0.1625,0.44999999999999996,0.75,0.525,0.8250000000000001,5.0,5.0,5.0,2.0,3.0,1.0
711,0.1,0.3333333333333333,0.5444444444444444,0.4444444444444444,0.8444444444444446,5.0,5.0,5.0,3.0,4.0,1.0
712,0.1846153846153846,0.4,0.7307692307692307,0.4846153846153846,0.7846153846153846,5.0,5.0,5.0,1.0,5.0,4.0
713,0.225,0.25,0.525,0.3333333333333333,0.7000000000000001,5.0,5.0,5.0,4.0,5.0,1.0
714,0.22142857142857145,0.34285714285714286,0.7000000000000001,0.43571428571428567,0.75,5.0,5.0,5.0,2.0,5.0,3.0
716,0.10000000000000002,0.5583333333333333,0.7583333333333333,0.6166666666666666,0.8833333333333333,5.0,5.0,5.0,1.0,4.0,3.0
717,0.08333333333333333,0.19999999999999998,0.44166666666666665,0.2916666666666667,0.8666666666666667,4.5,4.0,5.0,2.0,4.0,2.0
718,0.19,0.33999999999999997,0.73,0.45999999999999996,0.8099999999999999,5.0,5.0,5.0,3.0,4.0,1.0
720,0.26666666666666666,0.24444444444444446,0.5,0.34444444444444444,0.6555555555555556,5.0,5.0,5.0,2.0,3.0,1.0
721,0.25,0.375,0.7125,0.4375,0.75,5.0,5.0,5.0,2.0,4.0,2.0
722,0.05217391304347827,0.17391304347826086,0.45652173913043476,0.23043478260869565,0.9217391304347826,4.5,5.0,4.0,2.0,3.0,1.0
723,0.1,0.5363636363636363,0.7000000000000001,0.5909090909090909,0.8545454545454546,3.0,3.0,3.0,1.0,3.0,2.0
724,0.16363636363636364,0.21818181818181817,0.509090909090909,0.2818181818181818,0.8090909090909091,4.0,4.0,4.0,1.0,3.0,2.0
725,0.3909090909090909,0.23636363636363636,0.5909090909090909,0.35454545454545455,0.5636363636363636,5.0,5.0,5.0,4.0,5.0,1.0
726,0.15000000000000002,0.3125,0.65,0.425,0.775,5.0,5.0,5.0,2.0,4.0,2.0
727,0.16666666666666666,0.4266666666666667,0.58,0.48000000000000004,0.7,5.0,5.0,5.0,2.0,4.0,2.0
728,0.11176470588235295,0.3941176470588235,0.6470588235294118,0.47058823529411764,0.8117647058823529,5.0,5.0,5.0,4.0,5.0,1.0
729,0.14,0.29,0.48,0.38,0.6599999999999999,3.5,3.0,4.0,1.0,3.0,2.0
730,0.18666666666666665,0.24666666666666667,0.5666666666666667,0.36000000000000004,0.7,3.5,4.0,3.0,3.0,4.0,1.0
731,0.25,0.32999999999999996,0.64,0.41,0.6100000000000001,5.0,5.0,5.0,2.0,5.0,3.0
732,0.1692307692307692,0.34615384615384615,0.5846153846153845,0.4230769230769231,0.7846153846153846,5.0,5.0,5.0,2.0,3.0,1.0
734,0.13749999999999998,0.3,0.5625,0.35,0.8,5.0,5.0,5.0,3.0,4.0,1.0
735,0.15,0.21000000000000002,0.52,0.27,0.76,5.0,5.0,5.0,3.0,4.0,1.0
736,0.21999999999999997,0.33999999999999997,0.73,0.47000000000000003,0.76,5.0,5.0,5.0,4.0,5.0,1.0
737,0.29411764705882354,0.3,0.6647058823529413,0.3941176470588235,0.6705882352941177,4.0,4.0,4.0,1.0,3.0,2.0
738,0.09999999999999999,0.3,0.65,0.3833333333333333,0.8833333333333333,5.0,5.0,5.0,4.0,5.0,1.0
739,0.16999999999999998,0.19,0.49000000000000005,0.25,0.77,4.0,3.0,5.0,2.0,5.0,3.0
740,0.2090909090909091,0.45454545454545453,0.6727272727272727,0.5272727272727272,0.7090909090909091,4.5,4.0,5.0,3.0,4.0,1.0
742,0.325,0.27499999999999997,0.5416666666666666,0.39999999999999997,0.5499999999999999,5.0,5.0,5.0,2.0,4.0,2.0
743,0.17500000000000002,0.4166666666666667,0.5333333333333333,0.48333333333333334,0.775,5.0,5.0,5.0,2.0,4.0,2.0
745,0.15,0.2928571428571428,0.5642857142857143,0.37857142857142856,0.7785714285714286,4.0,4.0,4.0,2.0,4.0,2.0
747,0.09090909090909091,0.47272727272727266,0.5818181818181818,0.49090909090909085,0.8363636363636364,5.0,5.0,5.0,4.0,5.0,1.0
748,0.14545454545454548,0.33636363636363636,0.6818181818181818,0.4454545454545454,0.8272727272727273,5.0,5.0,5.0,2.0,3.0,1.0
749,0.32857142857142857,0.2714285714285714,0.6428571428571429,0.4,0.6142857142857142,5.0,5.0,5.0,3.0,4.0,1.0
750,0.1,0.41111111111111115,0.6111111111111112,0.5666666666666667,0.8555555555555556,4.0,4.0,4.0,2.0,5.0,3.0
752,0.08,0.33999999999999997,0.5900000000000001,0.43,0.8699999999999999,4.0,4.0,4.0,1.0,4.0,3.0
753,0.25,0.21666666666666667,0.6416666666666667,0.31666666666666665,0.6833333333333332,5.0,5.0,5.0,4.0,5.0,1.0
754,0.24285714285714285,0.37857142857142856,0.6571428571428571,0.4642857142857143,0.7142857142857143,5.0,5.0,5.0,2.0,4.0,2.0
755,0.12222222222222223,0.5111111111111111,0.7444444444444445,0.5888888888888889,0.8444444444444444,5.0,5.0,5.0,4.0,5.0,1.0
756,0.15,0.16,0.5399999999999999,0.31,0.8300000000000001,5.0,5.0,5.0,1.0,3.0,2.0
757,0.0625,0.3375,0.65,0.4625,0.8875000000000001,4.0,4.0,4.0,2.0,4.0,2.0
758,0.15,0.27999999999999997,0.67,0.39,0.8099999999999999,5.0,5.0,5.0,3.0,4.0,1.0
759,0.15454545454545457,0.35454545454545455,0.7,0.49090909090909096,0.8272727272727273,5.0,5.0,5.0,3.0,4.0,1.0
760,0.3,0.39,0.72,0.47000000000000003,0.68,4.5,4.0,5.0,1.0,5.0,4.0
761,0.1769230769230769,0.3076923076923077,0.6230769230769231,0.3923076923076923,0.7692307692307693,5.0,5.0,5.0,1.0,4.0,3.0
762,0.1125,0.425,0.7,0.5125,0.8250000000000001,5.0,5.0,5.0,1.0,5.0,4.0
763,0.1875,0.475,0.7625,0.5875,0.75,4.0,4.0,4.0,1.0,4.0,3.0
765,0.3555555555555555,0.23333333333333334,0.5444444444444444,0.2777777777777778,0.6333333333333333,4.0,4.0,4.0,1.0,2.0,1.0
766,0.20909090909090908,0.2636363636363636,0.5272727272727272,0.33636363636363636,0.7272727272727273,3.5,3.0,4.0,1.0,4.0,3.0
768,0.08888888888888889,0.3222222222222222,0.6111111111111112,0.4222222222222222,0.8333333333333334,5.0,5.0,5.0,3.0,5.0,2.0
769,0.09090909090909091,0.2818181818181818,0.5454545454545454,0.34545454545454546,0.8,5.0,5.0,5.0,4.0,5.0,1.0
770,0.1375,0.475,0.7625,0.6124999999999999,0.8375,5.0,5.0,5.0,1.0,2.0,1.0
771,0.1111111111111111,0.3222222222222222,0.5444444444444445,0.36666666666666664,0.8444444444444446,5.0,5.0,5.0,4.0,5.0,1.0
772,0.13636363636363635,0.3909090909090909,0.6727272727272727,0.4727272727272727,0.7909090909090909,5.0,5.0,5.0,2.0,5.0,3.0
773,0.14666666666666667,0.31333333333333335,0.58,0.41333333333333333,0.7933333333333333,3.5,3.0,4.0,1.0,3.0,2.0
774,0.11666666666666668,0.3833333333333333,0.65,0.45,0.8666666666666667,5.0,5.0,5.0,1.0,3.0,2.0
775,0.09999999999999999,0.27499999999999997,0.6583333333333333,0.35833333333333334,0.8583333333333334,3.0,3.0,3.0,2.0,4.0,2.0
776,0.17,0.16,0.48,0.24000000000000005,0.78,4.0,4.0,4.0,1.0,3.0,2.0
777,0.24,0.28,0.65,0.41,0.73,4.0,4.0,4.0,2.0,5.0,3.0
778,0.23636363636363636,0.45454545454545453,0.6818181818181818,0.5454545454545454,0.7272727272727273,5.0,5.0,5.0,1.0,2.0,1.0
779,0.16,0.35,0.5900000000000001,0.41,0.65,4.0,5.0,3.0,2.0,4.0,2.0
780,0.05555555555555555,0.39999999999999997,0.48888888888888893,0.4555555555555555,0.911111111111111,5.0,5.0,5.0,3.0,5.0,2.0
781,0.1,0.3,0.49090909090909085,0.35454545454545455,0.8454545454545456,5.0,5.0,5.0,1.0,3.0,2.0
782,0.11333333333333333,0.22,0.5266666666666666,0.28,0.7866666666666667,4.0,4.0,4.0,1.0,3.0,2.0
783,0.16363636363636364,0.2818181818181818,0.6090909090909091,0.3727272727272727,0.7727272727272727,5.0,5.0,5.0,3.0,4.0,1.0
784,0.11000000000000001,0.3,0.63,0.41,0.8400000000000001,5.0,5.0,5.0,1.0,4.0,3.0
785,0.07692307692307693,0.29230769230769227,0.5230769230769231,0.38461538461538464,0.8384615384615385,5.0,5.0,5.0,3.0,5.0,2.0
786,0.1875,0.23125,0.5875,0.31875,0.71875,5.0,5.0,5.0,4.0,5.0,1.0
787,0.21818181818181817,0.4090909090909091,0.6909090909090909,0.5,0.7727272727272727,5.0,5.0,5.0,3.0,4.0,1.0
788,0.14285714285714285,0.42857142857142855,0.7571428571428571,0.5142857142857142,0.8142857142857143,5.0,5.0,5.0,2.0,3.0,1.0
789,0.09,0.4,0.7,0.45,0.8699999999999999,5.0,5.0,5.0,1.0,4.0,3.0
791,0.2,0.23333333333333334,0.5,0.3266666666666667,0.7333333333333333,4.0,5.0,3.0,1.0,4.0,3.0
792,0.16999999999999998,0.29,0.61,0.37,0.76,5.0,5.0,5.0,1.0,4.0,3.0
793,0.16818181818181818,0.2772727272727273,0.5363636363636363,0.35000000000000003,0.7136363636363636,5.0,5.0,5.0,1.0,3.0,2.0
794,0.10833333333333334,0.25833333333333336,0.525,0.3416666666666666,0.7833333333333333,3.0,3.0,3.0,1.0,3.0,2.0
795,0.18,0.35,0.6799999999999999,0.45,0.78,5.0,5.0,5.0,2.0,4.0,2.0
796,0.14444444444444446,0.18888888888888888,0.4888888888888888,0.25555555555555554,0.7,5.0,5.0,5.0,4.0,5.0,1.0
797,0.12222222222222223,0.14444444444444446,0.4666666666666667,0.3222222222222222,0.8555555555555556,5.0,5.0,5.0,3.0,4.0,1.0
798,0.12307692307692308,0.5384615384615384,0.7153846153846153,0.5923076923076922,0.8384615384615385,5.0,5.0,5.0,2.0,3.0,1.0
799,0.15555555555555556,0.3222222222222222,0.7111111111111111,0.43333333333333335,0.7888888888888889,5.0,5.0,5.0,2.0,4.0,2.0
800,0.12000000000000002,0.5,0.63,0.5700000000000001,0.8099999999999999,5.0,5.0,5.0,4.0,5.0,1.0
802,0.21000000000000002,0.29,0.65,0.43,0.77,5.0,5.0,5.0,3.0,5.0,2.0
803,0.275,0.23750000000000002,0.55,0.3125,0.675,4.5,4.0,5.0,1.0,3.0,2.0
804,0.14444444444444446,0.15555555555555556,0.5444444444444445,0.2777777777777778,0.7111111111111111,5.0,5.0,5.0,1.0,4.0,3.0
805,0.16,0.27999999999999997,0.65,0.43,0.76,4.0,5.0,3.0,1.0,2.0,1.0
806,0.09,0.38,0.6599999999999999,0.44000000000000006,0.8400000000000001,5.0,5.0,5.0,1.0,4.0,3.0
808,0.15555555555555556,0.26666666666666666,0.5888888888888889,0.3222222222222222,0.6888888888888889,5.0,5.0,5.0,2.0,4.0,2.0
809,0.037500000000000006,0.075,0.3,0.15000000000000002,0.8,3.5,3.0,4.0,2.0,4.0,2.0
810,0.09166666666666667,0.25,0.48333333333333334,0.30833333333333335,0.8583333333333334,5.0,5.0,5.0,2.0,5.0,3.0
812,0.15555555555555556,0.3888888888888889,0.6666666666666666,0.47777777777777775,0.788888888888889,5.0,5.0,5.0,4.0,5.0,1.0
813,0.15,0.44000000000000006,0.7,0.52,0.78,5.0,5.0,5.0,2.0,3.0,1.0
814,0.16999999999999998,0.33999999999999997,0.67,0.44000000000000006,0.8,4.0,4.0,4.0,2.0,4.0,2.0
815,0.2375,0.3125,0.7125,0.4375,0.725,4.0,4.0,4.0,2.0,5.0,3.0
816,0.3857142857142857,0.24285714285714285,0.6142857142857142,0.38571428571428573,0.5714285714285714,5.0,5.0,5.0,2.0,3.0,1.0
818,0.18333333333333332,0.3277777777777778,0.6555555555555554,0.44999999999999996,0.7722222222222223,4.5,4.0,5.0,2.0,5.0,3.0
819,0.1888888888888889,0.24444444444444446,0.6111111111111112,0.36666666666666664,0.7444444444444445,4.0,4.0,4.0,2.0,4.0,2.0
820,0.12,0.26,0.54,0.32999999999999996,0.8099999999999999,5.0,5.0,5.0,4.0,5.0,1.0
821,0.13749999999999998,0.2375,0.55,0.275,0.8125,5.0,5.0,5.0,1.0,4.0,3.0
822,0.1,0.26,0.65,0.33999999999999997,0.82,5.0,5.0,5.0,1.0,2.0,1.0
823,0.10833333333333334,0.42916666666666664,0.6,0.4666666666666666,0.8083333333333335,4.0,4.0,4.0,1.0,4.0,3.0
824,0.1,0.2545454545454545,0.6,0.35454545454545455,0.8727272727272727,3.0,3.0,3.0,1.0,5.0,4.0
825,0.10909090909090909,0.33636363636363636,0.6090909090909091,0.41818181818181815,0.8636363636363636,5.0,5.0,5.0,2.0,3.0,1.0
826,0.15,0.26666666666666666,0.575,0.3416666666666666,0.75,5.0,5.0,5.0,1.0,4.0,3.0
829,0.12000000000000001,0.35333333333333333,0.6,0.4666666666666667,0.8133333333333332,5.0,5.0,5.0,1.0,3.0,2.0
830,0.2375,0.4125,0.7625,0.525,0.7375,5.0,5.0,5.0,2.0,4.0,2.0
831,0.17777777777777778,0.4444444444444444,0.7444444444444445,0.5777777777777778,0.8222222222222223,5.0,5.0,5.0,1.0,3.0,2.0
832,0.08,0.37,0.66,0.45999999999999996,0.8,5.0,5.0,5.0,1.0,4.0,3.0
833,0.24545454545454543,0.13636363636363635,0.5909090909090909,0.2636363636363636,0.7181818181818183,4.5,5.0,4.0,3.0,4.0,1.0
834,0.11666666666666668,0.15,0.6333333333333333,0.3833333333333333,0.85,5.0,5.0,5.0,2.0,5.0,3.0
835,0.16363636363636364,0.2727272727272727,0.5818181818181818,0.3727272727272727,0.8,4.0,4.0,4.0,2.0,5.0,3.0
837,0.2421052631578947,0.3526315789473684,0.6263157894736842,0.4052631578947368,0.6473684210526316,4.5,4.0,5.0,1.0,5.0,4.0
838,0.19,0.3,0.6599999999999999,0.45999999999999996,0.72,4.5,5.0,4.0,1.0,4.0,3.0
839,0.11000000000000001,0.32,0.5900000000000001,0.37,0.8699999999999999,4.5,4.0,5.0,2.0,4.0,2.0
840,0.11818181818181818,0.36363636363636365,0.6818181818181818,0.45454545454545453,0.8272727272727273,3.5,3.0,4.0,2.0,5.0,3.0
843,0.1375,0.3375,0.7,0.5,0.8500000000000001,5.0,5.0,5.0,1.0,5.0,4.0
844,0.08181818181818182,0.36363636363636365,0.5818181818181819,0.4090909090909091,0.8,4.5,4.0,5.0,1.0,3.0,2.0
845,0.09090909090909091,0.38181818181818183,0.7181818181818183,0.4636363636363636,0.8454545454545456,5.0,5.0,5.0,2.0,4.0,2.0
846,0.10714285714285714,0.32142857142857145,0.6285714285714284,0.45,0.8357142857142857,4.0,4.0,4.0,2.0,4.0,2.0
847,0.06666666666666668,0.2777777777777778,0.5555555555555556,0.36666666666666664,0.8777777777777778,4.0,4.0,4.0,1.0,2.0,1.0
848,0.12000000000000002,0.45999999999999996,0.6199999999999999,0.5599999999999999,0.8,5.0,5.0,5.0,1.0,5.0,4.0
849,0.18181818181818182,0.2727272727272727,0.6363636363636364,0.34545454545454546,0.7363636363636363,5.0,5.0,5.0,4.0,5.0,1.0
850,0.13999999999999999,0.35,0.65,0.41,0.8099999999999999,4.0,4.0,4.0,1.0,4.0,3.0
851,0.27,0.45999999999999996,0.61,0.5399999999999999,0.63,5.0,5.0,5.0,3.0,5.0,2.0
852,0.09166666666666667,0.4666666666666666,0.7583333333333333,0.5916666666666667,0.9,5.0,5.0,5.0,2.0,3.0,1.0
853,0.2090909090909091,0.18181818181818182,0.6545454545454544,0.3181818181818182,0.7818181818181817,5.0,5.0,5.0,1.0,2.0,1.0
854,0.13333333333333333,0.1,0.4466666666666666,0.16,0.7666666666666667,5.0,5.0,5.0,2.0,4.0,2.0
855,0.09166666666666667,0.3416666666666666,0.5750000000000001,0.3833333333333333,0.8666666666666667,3.5,3.0,4.0,2.0,3.0,1.0
857,0.24615384615384617,0.36153846153846153,0.6615384615384615,0.4230769230769231,0.6923076923076923,5.0,5.0,5.0,2.0,4.0,2.0
858,0.13999999999999999,0.41,0.7,0.55,0.8400000000000001,5.0,5.0,5.0,2.0,4.0,2.0
859,0.14666666666666667,0.33999999999999997,0.6,0.4066666666666666,0.7799999999999999,5.0,5.0,5.0,3.0,5.0,2.0
860,0.26666666666666666,0.17500000000000002,0.5,0.26666666666666666,0.6749999999999999,5.0,5.0,5.0,3.0,4.0,1.0
862,0.2625,0.35,0.65,0.4375,0.6875,5.0,5.0,5.0,1.0,3.0,2.0
863,0.15454545454545454,0.18181818181818182,0.49090909090909085,0.2727272727272727,0.7363636363636363,4.0,4.0,4.0,3.0,5.0,2.0
864,0.09,0.2,0.63,0.31,0.89,4.5,4.0,5.0,2.0,4.0,2.0
865,0.125,0.3666666666666667,0.625,0.44166666666666665,0.8333333333333334,5.0,5.0,5.0,1.0,4.0,3.0
866,0.09285714285714286,0.09999999999999999,0.41428571428571426,0.2285714285714286,0.8714285714285713,5.0,5.0,5.0,2.0,4.0,2.0
868,0.1388888888888889,0.23333333333333334,0.49444444444444446,0.3277777777777778,0.8,4.0,4.0,4.0,2.0,4.0,2.0
869,0.13636363636363635,0.34545454545454546,0.6090909090909091,0.4454545454545455,0.8,3.5,3.0,4.0,1.0,3.0,2.0
870,0.14545454545454548,0.3727272727272727,0.6272727272727272,0.43636363636363634,0.8090909090909091,5.0,5.0,5.0,2.0,5.0,3.0
871,0.10666666666666667,0.42,0.6799999999999999,0.5133333333333333,0.8466666666666668,4.5,4.0,5.0,1.0,4.0,3.0
872,0.12000000000000002,0.45,0.6900000000000001,0.5599999999999999,0.8400000000000001,5.0,5.0,5.0,2.0,4.0,2.0
873,0.1,0.31,0.6699999999999999,0.47000000000000003,0.86,4.0,4.0,4.0,2.0,3.0,1.0
874,0.2,0.3909090909090909,0.7,0.4727272727272727,0.7545454545454546,4.5,4.0,5.0,3.0,4.0,1.0
875,0.11000000000000001,0.25,0.53,0.31,0.78,4.0,4.0,4.0,1.0,4.0,3.0
876,0.29444444444444445,0.3111111111111111,0.6000000000000001,0.38333333333333336,0.6000000000000001,5.0,5.0,5.0,1.0,4.0,3.0
878,0.12,0.47000000000000003,0.72,0.5900000000000001,0.8699999999999999,5.0,5.0,5.0,1.0,3.0,2.0
879,0.08,0.24,0.5399999999999999,0.32999999999999996,0.8800000000000001,3.0,3.0,3.0,1.0,3.0,2.0
880,0.09230769230769233,0.2153846153846154,0.6384615384615385,0.3230769230769231,0.8923076923076922,4.0,4.0,4.0,1.0,3.0,2.0
881,0.34444444444444444,0.26666666666666666,0.6333333333333333,0.4222222222222222,0.6222222222222222,5.0,5.0,5.0,4.0,5.0,1.0
882,0.31875,0.23125,0.5812499999999999,0.30625,0.65625,5.0,5.0,5.0,2.0,3.0,1.0
883,0.09,0.48,0.76,0.5700000000000001,0.8800000000000001,5.0,5.0,5.0,3.0,4.0,1.0
884,0.09999999999999999,0.2416666666666667,0.575,0.375,0.8250000000000001,5.0,5.0,5.0,2.0,4.0,2.0
885,0.16666666666666666,0.3,0.6555555555555556,0.4444444444444444,0.8111111111111111,5.0,5.0,5.0,2.0,4.0,2.0
886,0.18888888888888888,0.4,0.7,0.5333333333333333,0.7777777777777778,4.0,4.0,4.0,3.0,4.0,1.0
887,0.42857142857142855,0.2857142857142857,0.6714285714285714,0.39999999999999997,0.5428571428571428,5.0,5.0,5.0,2.0,4.0,2.0
888,0.12222222222222223,0.2222222222222222,0.5333333333333333,0.3222222222222222,0.8333333333333334,5.0,5.0,5.0,2.0,4.0,2.0
889,0.35000000000000003,0.3666666666666667,0.7333333333333334,0.48333333333333334,0.65,4.0,4.0,4.0,2.0,4.0,2.0
890,0.15454545454545454,0.3090909090909091,0.6363636363636364,0.4454545454545454,0.8,5.0,5.0,5.0,2.0,4.0,2.0
891,0.2909090909090909,0.34545454545454546,0.6363636363636364,0.45454545454545453,0.6727272727272727,5.0,5.0,5.0,1.0,4.0,3.0
892,0.15384615384615385,0.47692307692307695,0.7076923076923076,0.5461538461538461,0.7846153846153846,5.0,5.0,5.0,2.0,5.0,3.0
893,0.11000000000000001,0.43999999999999995,0.6799999999999999,0.47000000000000003,0.85,4.5,5.0,4.0,3.0,4.0,1.0
895,0.35,0.29,0.65,0.38,0.61,5.0,5.0,5.0,2.0,4.0,2.0
896,0.15,0.18,0.6,0.27999999999999997,0.8300000000000001,5.0,5.0,5.0,2.0,5.0,3.0
897,0.17272727272727273,0.38181818181818183,0.6909090909090909,0.4727272727272727,0.7818181818181817,5.0,5.0,5.0,3.0,5.0,2.0
898,0.2176470588235294,0.2647058823529412,0.5647058823529412,0.35294117647058826,0.7529411764705882,5.0,5.0,5.0,2.0,5.0,3.0
901,0.17777777777777778,0.23333333333333334,0.6444444444444444,0.4222222222222222,0.7777777777777778,4.0,4.0,4.0,1.0,3.0,2.0
902,0.41999999999999993,0.22000000000000003,0.61,0.33999999999999997,0.45,4.5,5.0,4.0,2.0,4.0,2.0
903,0.18888888888888888,0.47777777777777775,0.7333333333333333,0.5666666666666667,0.8,5.0,5.0,5.0,1.0,4.0,3.0
904,0.09,0.29,0.64,0.33999999999999997,0.8699999999999999,3.5,3.0,4.0,1.0,4.0,3.0
905,0.14444444444444446,0.3111111111111111,0.6333333333333333,0.4,0.7888888888888889,5.0,5.0,5.0,1.0,5.0,4.0
906,0.09,0.32999999999999996,0.61,0.4,0.8800000000000001,5.0,5.0,5.0,3.0,5.0,2.0
907,0.14545454545454548,0.3181818181818182,0.5636363636363636,0.4272727272727273,0.8,4.5,4.0,5.0,3.0,4.0,1.0
908,0.20476190476190476,0.12380952380952381,0.3523809523809524,0.1952380952380952,0.719047619047619,5.0,5.0,5.0,1.0,3.0,2.0
909,0.17272727272727273,0.3,0.7272727272727273,0.4090909090909091,0.7727272727272727,4.5,4.0,5.0,2.0,5.0,3.0
